street_number,actual_street_name,Suburb,lprice_diff,lrents_diff,lgroundrents_diff,d_1895,d_1896,d_1897,d_1898,d_1899,d_1900,d_1901,d_1902,d_1903,d_1904,d_1905,d_1906,d_1907,d_1908,d_1909,d_1910,d_1911,d_1912,d_1913,d_1914
1,DORNTON ROAD,BALHAM,0.336472237,0,0,-1,1,0,0,0,0,0,0,0,0,0,0,0,0,0,0,0,0,0,0
134,DEVONS ROAD,BROMLEY-BY-BOW,0.15415068,0.338073518,,-1,1,0,0,0,0,0,0,0,0,0,0,0,0,0,0,0,0,0,0
234,CAMBERWELL ROAD,CAMBERWELL,-0.045462374,,0,-1,1,0,0,0,0,0,0,0,0,0,0,0,0,0,0,0,0,0,0
37,CAMBRIDGE STREET,PIMLICO,-0.051293294,0,0,-1,1,0,0,0,0,0,0,0,0,0,0,0,0,0,0,0,0,0,0
37,MORTIMER ROAD,DE BEAUVOIR TOWN,0.057158414,,0,-1,1,0,0,0,0,0,0,0,0,0,0,0,0,0,0,0,0,0,0
50,GOLD STREET,STEPNEY,0.500775288,0.046520016,0,-1,1,0,0,0,0,0,0,0,0,0,0,0,0,0,0,0,0,0,0
6,LOWER RANELAGH GROVE,PIMLICO,0.202940844,-1.696449289,-1.011600912,-1,1,0,0,0,0,0,0,0,0,0,0,0,0,0,0,0,0,0,0
124,LORRIMORE ROAD,WALWORTH,-0.028987537,0.064538521,0,-1,0,1,0,0,0,0,0,0,0,0,0,0,0,0,0,0,0,0,0
153,CAMBRIDGE ROAD,BETHNAL GREEN,0.021978907,0.182321557,,-1,0,1,0,0,0,0,0,0,0,0,0,0,0,0,0,0,0,0,0
157,CAMBRIDGE ROAD,BETHNAL GREEN,0.009756175,0,,-1,0,1,0,0,0,0,0,0,0,0,0,0,0,0,0,0,0,0,0
177,CAMBRIDGE ROAD,BETHNAL GREEN,0.128832872,-0.375906306,,-1,0,1,0,0,0,0,0,0,0,0,0,0,0,0,0,0,0,0,0
19,ASPENLEA ROAD,FULHAM,0.318453731,0,0,-1,0,1,0,0,0,0,0,0,0,0,0,0,0,0,0,0,0,0,0
2,DAWLISH ROAD,TOTTENHAM,0.356674944,0,0,-1,0,1,0,0,0,0,0,0,0,0,0,0,0,0,0,0,0,0,0
30,CARTER STREET,WALWORTH,0.028987537,0,0,-1,0,1,0,0,0,0,0,0,0,0,0,0,0,0,0,0,0,0,0
33,PENGE ROAD,NORWOOD,0.619039208,,0,-1,0,1,0,0,0,0,0,0,0,0,0,0,0,0,0,0,0,0,0
49,MILDMAY PARK,STOKE NEWINGTON,0.391562203,0.292136423,,-1,0,1,0,0,0,0,0,0,0,0,0,0,0,0,0,0,0,0,0
70,SOUTHAMPTON STREET,CAMBERWELL,0.657215171,0.662375522,,-1,0,1,0,0,0,0,0,0,0,0,0,0,0,0,0,0,0,0,0
123,LEYTON ROAD,STRATFORD,0.098440073,0.061875404,,-1,0,0,1,0,0,0,0,0,0,0,0,0,0,0,0,0,0,0,0
134,JUNCTION ROAD,HOLLOWAY,0.32668423,0.09531018,0,-1,0,0,1,0,0,0,0,0,0,0,0,0,0,0,0,0,0,0,0
20,DUMONT ROAD,STOKE NEWINGTON,0.287682073,0.169899037,,-1,0,0,1,0,0,0,0,0,0,0,0,0,0,0,0,0,0,0,0
26,COMMERCE ROAD,WOOD GREEN,0.108213585,0,0,-1,0,0,1,0,0,0,0,0,0,0,0,0,0,0,0,0,0,0,0
26,DUMONT ROAD,STOKE NEWINGTON,0.093526058,0,0,-1,0,0,1,0,0,0,0,0,0,0,0,0,0,0,0,0,0,0,0
30,WOODFIELD ROAD,PADDINGTON,0.236388778,0.054067221,,-1,0,0,1,0,0,0,0,0,0,0,0,0,0,0,0,0,0,0,0
4,WAKEFIELD ROAD,TOTTENHAM,-0.053109825,0.143100844,,-1,0,0,1,0,0,0,0,0,0,0,0,0,0,0,0,0,0,0,0
60,FAIRHOLT ROAD,STOKE NEWINGTON,0.216807733,0,0,-1,0,0,1,0,0,0,0,0,0,0,0,0,0,0,0,0,0,0,0
86,FERRIER STREET,WANDSWORTH,-0.202940844,-0.223143551,,-1,0,0,1,0,0,0,0,0,0,0,0,0,0,0,0,0,0,0,0
12,HOUGHTON STREET,STRAND,,0,,-1,0,0,0,1,0,0,0,0,0,0,0,0,0,0,0,0,0,0,0
148,GIPSY HILL,NORWOOD,-0.072320662,0,0,-1,0,0,0,1,0,0,0,0,0,0,0,0,0,0,0,0,0,0,0
18,QUEEN ADELAIDE ROAD,PENGE,0.110000895,0,,-1,0,0,0,1,0,0,0,0,0,0,0,0,0,0,0,0,0,0,0
2,ULYSSES ROAD,HAMPSTEAD,0,0.182321557,0,-1,0,0,0,1,0,0,0,0,0,0,0,0,0,0,0,0,0,0,0
267,NEW NORTH ROAD,HOXTON,-0.051293294,0,0,-1,0,0,0,1,0,0,0,0,0,0,0,0,0,0,0,0,0,0,0
40,SOUTHGATE ROAD,DE BEAUVOIR TOWN,0.159630146,-0.048790164,0,-1,0,0,0,1,0,0,0,0,0,0,0,0,0,0,0,0,0,0,0
50,BRUNSWICK ROAD,POPLAR,0.178248231,0.048790164,0,-1,0,0,0,1,0,0,0,0,0,0,0,0,0,0,0,0,0,0,0
52,SYDENHAM PARK,SYDENHAM,0.510825624,,,-1,0,0,0,1,0,0,0,0,0,0,0,0,0,0,0,0,0,0,0
69,BISHOPSGATE STREET,CITY,0.064538521,,,-1,0,0,0,1,0,0,0,0,0,0,0,0,0,0,0,0,0,0,0
109,CHARLOTTE STREET,MARYLEBONE,1.648658626,,,-1,0,0,0,0,1,0,0,0,0,0,0,0,0,0,0,0,0,0,0
141,ANTILL ROAD,BOW,0.494018505,,0,-1,0,0,0,0,1,0,0,0,0,0,0,0,0,0,0,0,0,0,0
194,LADBROKE GROVE,NOTTING HILL,0.223143551,,0,-1,0,0,0,0,1,0,0,0,0,0,0,0,0,0,0,0,0,0,0
5,WILTON CRESCENT,BELGRAVIA,,,,-1,0,0,0,0,1,0,0,0,0,0,0,0,0,0,0,0,0,0,0
7,MERRICK SQUARE,SOUTHWARK,-0.127833372,,0,-1,0,0,0,0,1,0,0,0,0,0,0,0,0,0,0,0,0,0,0
74,ST. PAUL STREET,ISLINGTON,-0.141830195,0.057158414,0,-1,0,0,0,0,1,0,0,0,0,0,0,0,0,0,0,0,0,0,0
107,CORNWALL ROAD,WESTBOURNE PARK,-0.082521024,-0.064538521,0,-1,0,0,0,0,0,1,0,0,0,0,0,0,0,0,0,0,0,0,0
18,LAMBOURNE ROAD,CLAPHAM,0.449916871,0,0,-1,0,0,0,0,0,1,0,0,0,0,0,0,0,0,0,0,0,0,0
37,FOURNIER STREET,SPITALFIELDS,0.538996501,,,-1,0,0,0,0,0,1,0,0,0,0,0,0,0,0,0,0,0,0,0
10,SUTHERLAND PLACE,BAYSWATER,0.3254224,-0.058268908,0,-1,0,0,0,0,0,0,1,0,0,0,0,0,0,0,0,0,0,0,0
112,ST. PAUL'S ROAD,CANONBURY,0.096626836,0,0,-1,0,0,0,0,0,0,1,0,0,0,0,0,0,0,0,0,0,0,0
37,FOURNIER STREET,SPITALFIELDS,0.496436886,,,-1,0,0,0,0,0,0,1,0,0,0,0,0,0,0,0,0,0,0,0
6,OXFORD TERRACE,ISLINGTON,0.189620859,0.304923879,0,-1,0,0,0,0,0,0,1,0,0,0,0,0,0,0,0,0,0,0,0
62,WILLOUGHBY LANE,TOTTENHAM,0.099090903,0.018018506,,-1,0,0,0,0,0,0,1,0,0,0,0,0,0,0,0,0,0,0,0
22,LEYBOURNE ROAD,CAMDEN TOWN,-0.1997133,0.033901552,0,-1,0,0,0,0,0,0,0,1,0,0,0,0,0,0,0,0,0,0,0
31,PORTLAND PLACE,MARYLEBONE,1.203972804,,,-1,0,0,0,0,0,0,0,1,0,0,0,0,0,0,0,0,0,0,0
42,ROTHERHITHE STREET,ROTHERHITHE,-0.032789823,,,-1,0,0,0,0,0,0,0,1,0,0,0,0,0,0,0,0,0,0,0
54,WOODBINE GROVE,PENGE,0.074107972,0.087011377,,-1,0,0,0,0,0,0,0,1,0,0,0,0,0,0,0,0,0,0,0
58,MARLBOROUGH ROAD,HOLLOWAY,-0.028170877,-0.100083459,0,-1,0,0,0,0,0,0,0,1,0,0,0,0,0,0,0,0,0,0,0
6,ALFRED STREET,ISLINGTON,-0.09237332,0,0,-1,0,0,0,0,0,0,0,1,0,0,0,0,0,0,0,0,0,0,0
87,GROVE PARK ROAD,TOTTENHAM,0.033901552,0.087011377,0,-1,0,0,0,0,0,0,0,1,0,0,0,0,0,0,0,0,0,0,0
1,SHEPPERTON ROAD,HOXTON,-0.322398509,-0.223143551,0,-1,0,0,0,0,0,0,0,0,1,0,0,0,0,0,0,0,0,0,0
15,HOLFORD SQUARE,PENTONVILLE,-0.253780521,0.056089467,0,-1,0,0,0,0,0,0,0,0,1,0,0,0,0,0,0,0,0,0,0
17,SALUSBURY ROAD,KILBURN,0,0.248461359,0,-1,0,0,0,0,0,0,0,0,1,0,0,0,0,0,0,0,0,0,0
20,PARK HILL,CLAPHAM,-0.310154928,,0,-1,0,0,0,0,0,0,0,0,1,0,0,0,0,0,0,0,0,0,0
3,PRESTAGE STREET,POPLAR,0.090151097,,,-1,0,0,0,0,0,0,0,0,1,0,0,0,0,0,0,0,0,0,0
414,NEW CROSS ROAD,NEW CROSS,0.678962546,0.624154309,,-1,0,0,0,0,0,0,0,0,1,0,0,0,0,0,0,0,0,0,0
414,NEW CROSS ROAD,NEW CROSS,0.736949803,0.624154309,,-1,0,0,0,0,0,0,0,0,1,0,0,0,0,0,0,0,0,0,0
52,HIGH ROAD,KILBURN,0.370373788,0.113328685,,-1,0,0,0,0,0,0,0,0,1,0,0,0,0,0,0,0,0,0,0
2,OLMAR STREET,OLD KENT ROAD,0.063178902,0.033901552,0,-1,0,0,0,0,0,0,0,0,0,1,0,0,0,0,0,0,0,0,0
2,STAFFORD MEWS,KILBURN,-0.068992871,0,0,-1,0,0,0,0,0,0,0,0,0,1,0,0,0,0,0,0,0,0,0
25,OSSORY ROAD,OLD KENT ROAD,0.130620182,0,0,-1,0,0,0,0,0,0,0,0,0,1,0,0,0,0,0,0,0,0,0
28,VICARAGE ROAD,TOTTENHAM,0.383958903,0.074107972,,-1,0,0,0,0,0,0,0,0,0,1,0,0,0,0,0,0,0,0,0
35,HAMILTON TERRACE,ST. JOHN'S WOOD,-0.182321557,,0,-1,0,0,0,0,0,0,0,0,0,1,0,0,0,0,0,0,0,0,0
35,HAMILTON TERRACE,ST. JOHN'S WOOD,0.543615447,0.262364265,0,-1,0,0,0,0,0,0,0,0,0,1,0,0,0,0,0,0,0,0,0
49,DENNIS STREET,KING'S CROSS,-0.167054085,0,,-1,0,0,0,0,0,0,0,0,0,1,0,0,0,0,0,0,0,0,0
88,WEYMOUTH TERRACE,HACKNEY,-0.191891008,0,,-1,0,0,0,0,0,0,0,0,0,1,0,0,0,0,0,0,0,0,0
95,STOCKWELL ROAD,STOCKWELL,0.223143551,0.171850257,,-1,0,0,0,0,0,0,0,0,0,1,0,0,0,0,0,0,0,0,0
162,RICHMOND ROAD,DALSTON,-0.082238098,,-1.078809661,-1,0,0,0,0,0,0,0,0,0,0,1,0,0,0,0,0,0,0,0
11,CHEYNE ROW,CHELSEA,-0.245122458,0.100083459,0,-1,0,0,0,0,0,0,0,0,0,0,0,1,0,0,0,0,0,0,0
13,ABERDEEN PLACE,MAIDA VALE,-0.612178118,-0.039220713,0,-1,0,0,0,0,0,0,0,0,0,0,0,1,0,0,0,0,0,0,0
216,LANCASTER ROAD,NOTTING HILL,-0.182321557,0.619039208,0,-1,0,0,0,0,0,0,0,0,0,0,0,1,0,0,0,0,0,0,0
34,DELAFORD STREET,FULHAM,0.177681177,,0,-1,0,0,0,0,0,0,0,0,0,0,0,1,0,0,0,0,0,0,0
36,WEYMOUTH TERRACE,HACKNEY,-0.022989518,0.144581229,0,-1,0,0,0,0,0,0,0,0,0,0,0,1,0,0,0,0,0,0,0
71,ABBEYFIELD ROAD,ROTHERHITHE,-0.051293294,0.068992872,0,-1,0,0,0,0,0,0,0,0,0,0,0,1,0,0,0,0,0,0,0
176,RAILTON ROAD,HERNE HILL,0.117783036,,0.031252544,-1,0,0,0,0,0,0,0,0,0,0,0,0,1,0,0,0,0,0,0
242,MILE END ROAD,MILE END,-0.405465108,,0,-1,0,0,0,0,0,0,0,0,0,0,0,0,1,0,0,0,0,0,0
30,HERBERT STREET,HOXTON,-0.565313809,0,0,-1,0,0,0,0,0,0,0,0,0,0,0,0,1,0,0,0,0,0,0
40,PENN STREET,HOXTON,-0.630626824,0,0,-1,0,0,0,0,0,0,0,0,0,0,0,0,1,0,0,0,0,0,0
189,COLDHARBOUR LANE,CAMBERWELL,0.413562318,0,,-1,0,0,0,0,0,0,0,0,0,0,0,0,0,1,0,0,0,0,0
189,COLDHARBOUR LANE,CAMBERWELL,-0.047252885,0,,-1,0,0,0,0,0,0,0,0,0,0,0,0,0,1,0,0,0,0,0
284,ESSEX ROAD,ISLINGTON,-1.773067336,-0.16907633,,-1,0,0,0,0,0,0,0,0,0,0,0,0,0,1,0,0,0,0,0
29,BALMES ROAD,DE BEAUVOIR TOWN,-0.794929875,-0.014598799,0,-1,0,0,0,0,0,0,0,0,0,0,0,0,0,1,0,0,0,0,0
234,CAMBERWELL ROAD,CAMBERWELL,-2.014903021,,0,-1,0,0,0,0,0,0,0,0,0,0,0,0,0,0,0,1,0,0,0
86,FERRIER STREET,WANDSWORTH,-0.336472237,-0.080042708,,-1,0,0,0,0,0,0,0,0,0,0,0,0,0,0,0,1,0,0,0
11,HARLEY STREET,BOW,-1.553348446,0.197825743,0,-1,0,0,0,0,0,0,0,0,0,0,0,0,0,0,0,0,1,0,0
32,SMITH STREET,CHELSEA,-0.170345366,0.576857594,,-1,0,0,0,0,0,0,0,0,0,0,0,0,0,0,0,0,1,0,0
35,WEBBER STREET,BLACKFRIARS,0.145953913,0.693147181,,-1,0,0,0,0,0,0,0,0,0,0,0,0,0,0,0,0,1,0,0
4,OLD ROAD,ROTHERHITHE,-0.385662481,1.441019261,-0.78845736,-1,0,0,0,0,0,0,0,0,0,0,0,0,0,0,0,0,1,0,0
7,BAYFORD STREET,HACKNEY,-0.459532329,0.215708573,0,-1,0,0,0,0,0,0,0,0,0,0,0,0,0,0,0,0,1,0,0
52,LANDSEER ROAD,HOLLOWAY,-0.567984038,-0.057158414,0,-1,0,0,0,0,0,0,0,0,0,0,0,0,0,0,0,0,0,1,0
121,GROSVENOR PARK,CAMBERWELL,-0.051293294,,0,0,-1,1,0,0,0,0,0,0,0,0,0,0,0,0,0,0,0,0,0
155,ESTCOURT ROAD,FULHAM,-0.287682072,0,,0,-1,1,0,0,0,0,0,0,0,0,0,0,0,0,0,0,0,0,0
176,,DRURY LANE,0.184364458,,,0,-1,1,0,0,0,0,0,0,0,0,0,0,0,0,0,0,0,0,0
3,ROSEBANK ROAD,BOW,0.261013825,0,,0,-1,1,0,0,0,0,0,0,0,0,0,0,0,0,0,0,0,0,0
36,STAMFORD STREET,BLACKFRIARS,-0.135437971,,,0,-1,1,0,0,0,0,0,0,0,0,0,0,0,0,0,0,0,0,0
43,ST. STEPHEN'S ROAD,BOW,0.163629424,0.087011377,,0,-1,1,0,0,0,0,0,0,0,0,0,0,0,0,0,0,0,0,0
70,MURIEL STREET,BARNSBURY,0.931558204,0.182321557,,0,-1,1,0,0,0,0,0,0,0,0,0,0,0,0,0,0,0,0,0
74,IFIELD ROAD,BROMPTON,-0.027779564,0,0,0,-1,1,0,0,0,0,0,0,0,0,0,0,0,0,0,0,0,0,0
90,FAIRLOP ROAD,LEYTONSTONE,-0.056089467,0.028170877,0,0,-1,1,0,0,0,0,0,0,0,0,0,0,0,0,0,0,0,0,0
105,RAMSDEN ROAD,BALHAM,0,,0,0,-1,0,1,0,0,0,0,0,0,0,0,0,0,0,0,0,0,0,0
11,UFTON ROAD,DE BEAUVOIR TOWN,0.202940844,0,0,0,-1,0,1,0,0,0,0,0,0,0,0,0,0,0,0,0,0,0,0
136,GROVE ROAD,VICTORIA PARK,0.082238098,0,0,0,-1,0,1,0,0,0,0,0,0,0,0,0,0,0,0,0,0,0,0
195,HOLLOWAY ROAD,HOLLOWAY,1.609437912,,,0,-1,0,1,0,0,0,0,0,0,0,0,0,0,0,0,0,0,0,0
27,BURNABY STREET,CHELSEA,0.122602322,,0,0,-1,0,1,0,0,0,0,0,0,0,0,0,0,0,0,0,0,0,0
38,BARTHOLOMEW CLOSE,CITY,0.150060695,-0.09531018,,0,-1,0,1,0,0,0,0,0,0,0,0,0,0,0,0,0,0,0,0
4,STADIUM STREET,CHELSEA,0.21511138,0.117783036,0.182321557,0,-1,0,1,0,0,0,0,0,0,0,0,0,0,0,0,0,0,0,0
49,BRACKENBURY ROAD,HAMMERSMITH,0.083381609,0,0,0,-1,0,1,0,0,0,0,0,0,0,0,0,0,0,0,0,0,0,0
60,LOWDEN ROAD,HERNE HILL,0.076961041,0,0,0,-1,0,1,0,0,0,0,0,0,0,0,0,0,0,0,0,0,0,0
65,CLOUDESLEY ROAD,ISLINGTON,0.141078598,0,,0,-1,0,1,0,0,0,0,0,0,0,0,0,0,0,0,0,0,0,0
73,DEVONSHIRE ROAD,HOLLOWAY,0.167054085,0.125163143,0,0,-1,0,1,0,0,0,0,0,0,0,0,0,0,0,0,0,0,0,0
81,ALDERSGATE STREET,CITY,-0.048009219,0,,0,-1,0,1,0,0,0,0,0,0,0,0,0,0,0,0,0,0,0,0
93,FOREST ROAD,DALSTON,0.037740328,0,0,0,-1,0,0,1,0,0,0,0,0,0,0,0,0,0,0,0,0,0,0
11,OXFORD ROAD,ISLINGTON,0.21511138,0.105360516,0,0,-1,0,0,0,1,0,0,0,0,0,0,0,0,0,0,0,0,0,0
16,MEDINA ROAD,HOLLOWAY,0.179585577,0.125163143,0,0,-1,0,0,0,1,0,0,0,0,0,0,0,0,0,0,0,0,0,0
17,BENWELL ROAD,HOLLOWAY,0.287682073,0.09531018,0,0,-1,0,0,0,1,0,0,0,0,0,0,0,0,0,0,0,0,0,0
2,PORTLAND ROAD,CANNING TOWN,1.074514737,,0,0,-1,0,0,0,1,0,0,0,0,0,0,0,0,0,0,0,0,0,0
31,BARROW HILL ROAD,ST. JOHN'S WOOD,0.077558234,,0,0,-1,0,0,0,1,0,0,0,0,0,0,0,0,0,0,0,0,0,0
35,DISRAELI ROAD,EALING,-0.392042088,-0.133531393,0,0,-1,0,0,0,1,0,0,0,0,0,0,0,0,0,0,0,0,0,0
35,LAWRENCE ROAD,BOW,-0.135545492,0,0,0,-1,0,0,0,1,0,0,0,0,0,0,0,0,0,0,0,0,0,0
52,WELLESLEY ROAD,KENTISH TOWN,0.219053566,0,0,0,-1,0,0,0,1,0,0,0,0,0,0,0,0,0,0,0,0,0,0
62,SUTHERLAND AVENUE,MAIDA VALE,0.15415068,-0.143100844,0,0,-1,0,0,0,1,0,0,0,0,0,0,0,0,0,0,0,0,0,0
78,PARK STREET,STOKE NEWINGTON,0.345745873,0.268263987,0,0,-1,0,0,0,1,0,0,0,0,0,0,0,0,0,0,0,0,0,0
8,MARKET STREET,POPLAR,0.287682073,,0,0,-1,0,0,0,1,0,0,0,0,0,0,0,0,0,0,0,0,0,0
9,BODDY'S BRIDGE,BLACKFRIARS,-0.161268148,,,0,-1,0,0,0,1,0,0,0,0,0,0,0,0,0,0,0,0,0,0
93,FOREST ROAD,DALSTON,0.186585956,0.068992872,0,0,-1,0,0,0,1,0,0,0,0,0,0,0,0,0,0,0,0,0,0
10a,BRUNSWICK ROAD,TOTTENHAM,0.149035579,0.241162057,,0,-1,0,0,0,0,1,0,0,0,0,0,0,0,0,0,0,0,0,0
12,PARK ROAD,DULWICH,0.405465108,,0,0,-1,0,0,0,0,1,0,0,0,0,0,0,0,0,0,0,0,0,0
149,NEW CHURCH ROAD,CAMBERWELL,0.246860078,,,0,-1,0,0,0,0,1,0,0,0,0,0,0,0,0,0,0,0,0,0
19,VICTORIA GROVE,STOKE NEWINGTON,0.191055237,,0,0,-1,0,0,0,0,1,0,0,0,0,0,0,0,0,0,0,0,0,0
29,PYRLAND ROAD,CANONBURY,0.113328685,0,0,0,-1,0,0,0,0,1,0,0,0,0,0,0,0,0,0,0,0,0,0
33,ARDLEIGH ROAD,DE BEAUVOIR TOWN,0.146603474,,0,0,-1,0,0,0,0,1,0,0,0,0,0,0,0,0,0,0,0,0,0
34,WHARTON STREET,PENTONVILLE,0.310154928,,0,0,-1,0,0,0,0,1,0,0,0,0,0,0,0,0,0,0,0,0,0
83,MANN STREET,WALWORTH,0.097980408,,0,0,-1,0,0,0,0,1,0,0,0,0,0,0,0,0,0,0,0,0,0
119,SUNDERLAND ROAD,FOREST HILL,-0.104013455,,0,0,-1,0,0,0,0,0,1,0,0,0,0,0,0,0,0,0,0,0,0
29,FERNSHAW ROAD,CHELSEA,0.405465108,0,0,0,-1,0,0,0,0,0,1,0,0,0,0,0,0,0,0,0,0,0,0
34,FOREST ROAD,FOREST GATE,-0.015267472,0,,0,-1,0,0,0,0,0,1,0,0,0,0,0,0,0,0,0,0,0,0
4,EVERILDA STREET,BARNSBURY,-0.262364264,-0.152468594,0,0,-1,0,0,0,0,0,1,0,0,0,0,0,0,0,0,0,0,0,0
56,HOMEFIELD ROAD,CHISWICK,0.243622083,-0.200670695,0.251314428,0,-1,0,0,0,0,0,1,0,0,0,0,0,0,0,0,0,0,0,0
16,BLOMFIELD STREET,PADDINGTON,0.072320662,,0,0,-1,0,0,0,0,0,0,1,0,0,0,0,0,0,0,0,0,0,0
2,PORTLAND STREET,SOHO,0.433635985,0,,0,-1,0,0,0,0,0,0,0,1,0,0,0,0,0,0,0,0,0,0
21,GILLINGHAM STREET,PIMLICO,-0.033901552,-0.143100844,,0,-1,0,0,0,0,0,0,0,1,0,0,0,0,0,0,0,0,0,0
51,LYNTON ROAD,BERMONDSEY,-0.204095356,0,0,0,-1,0,0,0,0,0,0,0,1,0,0,0,0,0,0,0,0,0,0
59,TUFNELL PARK ROAD,HOLLOWAY,0.070617567,,0,0,-1,0,0,0,0,0,0,0,1,0,0,0,0,0,0,0,0,0,0
155,ESTCOURT ROAD,FULHAM,-0.308735482,0.068992872,,0,-1,0,0,0,0,0,0,0,0,1,0,0,0,0,0,0,0,0,0
182,HIGHBURY NEW PARK,HIGHBURY,-0.257222865,-0.125163143,0,0,-1,0,0,0,0,0,0,0,0,1,0,0,0,0,0,0,0,0,0
43,CLAYBROOKE ROAD,FULHAM,0.120627988,0.080042708,0,0,-1,0,0,0,0,0,0,0,0,1,0,0,0,0,0,0,0,0,0
52,MARGARET STREET,CLERKENWELL,-0.552068582,0,0,0,-1,0,0,0,0,0,0,0,0,1,0,0,0,0,0,0,0,0,0
63,MARLBOROUGH ROAD,HOLLOWAY,-0.143706721,0,,0,-1,0,0,0,0,0,0,0,0,1,0,0,0,0,0,0,0,0,0
71,MEDIAN ROAD,CLAPTON,0.015267472,0.182321557,0,0,-1,0,0,0,0,0,0,0,0,1,0,0,0,0,0,0,0,0,0
23,LANGHAM ROAD,TOTTENHAM,0.268263987,0.268263987,0,0,-1,0,0,0,0,0,0,0,0,0,1,0,0,0,0,0,0,0,0
31,BLESSINGTON ROAD,LEE,-0.693147181,0,0,0,-1,0,0,0,0,0,0,0,0,0,1,0,0,0,0,0,0,0,0
87,UPPER TULSE HILL,BRIXTON,-0.374693449,,0,0,-1,0,0,0,0,0,0,0,0,0,1,0,0,0,0,0,0,0,0
121,ENGLEFIELD ROAD,ISLINGTON,-0.304489191,0.042559614,0.040821995,0,-1,0,0,0,0,0,0,0,0,0,0,1,0,0,0,0,0,0,0
37,ST. AGNES PLACE,KENNINGTON,-0.040821995,0.117783036,,0,-1,0,0,0,0,0,0,0,0,0,0,1,0,0,0,0,0,0,0
9,BOXWORTH GROVE,BARNSBURY,-0.330241687,0.117783036,0,0,-1,0,0,0,0,0,0,0,0,0,0,1,0,0,0,0,0,0,0
12,NETTLETON ROAD,NEW CROSS,-0.42956266,0,0,0,-1,0,0,0,0,0,0,0,0,0,0,0,1,0,0,0,0,0,0
82,WENLOCK STREET,HOXTON,-0.215708573,0.054067221,0,0,-1,0,0,0,0,0,0,0,0,0,0,0,0,1,0,0,0,0,0
14,HIGH STREET,PLAISTOW,-0.328857987,0,,0,-1,0,0,0,0,0,0,0,0,0,0,0,0,0,1,0,0,0,0
161,DEVONSHIRE ROAD,FOREST HILL,-0.910211686,,0,0,-1,0,0,0,0,0,0,0,0,0,0,0,0,0,1,0,0,0,0
8,GREVILLE PLACE,MAIDA VALE,0.764606145,0.510825624,,0,-1,0,0,0,0,0,0,0,0,0,0,0,0,0,1,0,0,0,0
85,SIDNEY STREET,MILE END,0.570544859,0.792992516,-0.916290732,0,-1,0,0,0,0,0,0,0,0,0,0,0,0,0,1,0,0,0,0
103,TANNER'S HILL,DEPTFORD,-0.271152771,0.048790164,0,0,-1,0,0,0,0,0,0,0,0,0,0,0,0,0,0,1,0,0,0
15,ERSKINE ROAD,WALTHAMSTOW,-0.229574442,0.167054085,0,0,-1,0,0,0,0,0,0,0,0,0,0,0,0,0,0,1,0,0,0
186,UPPER THAMES STREET,CITY,-2.197224577,,,0,-1,0,0,0,0,0,0,0,0,0,0,0,0,0,0,1,0,0,0
234,CAMBERWELL ROAD,CAMBERWELL,-1.969440646,-0.470003629,0,0,-1,0,0,0,0,0,0,0,0,0,0,0,0,0,0,1,0,0,0
33,ARLINGFORD ROAD,BRIXTON,-0.271933715,0.133531393,0,0,-1,0,0,0,0,0,0,0,0,0,0,0,0,0,0,1,0,0,0
20,GLOUCESTER ROAD,HOLLOWAY,-0.242946179,-0.444685821,0,0,-1,0,0,0,0,0,0,0,0,0,0,0,0,0,0,0,0,1,0
24,QUEEN'S TERRACE,ST. JOHN'S WOOD,-1.304056263,-0.074107972,0,0,-1,0,0,0,0,0,0,0,0,0,0,0,0,0,0,0,0,1,0
9,DALYELL ROAD,STOCKWELL,-0.530628251,0.417887628,0,0,-1,0,0,0,0,0,0,0,0,0,0,0,0,0,0,0,0,1,0
22,BROMLEY HALL ROAD,POPLAR,-0.46536325,,0,0,-1,0,0,0,0,0,0,0,0,0,0,0,0,0,0,0,0,0,1
1,CRESCENT ROAD,WOOD GREEN,-0.05942342,-0.074107972,-0.241162057,0,0,-1,1,0,0,0,0,0,0,0,0,0,0,0,0,0,0,0,0
126,INGRAVE STREET,BATTERSEA,0.490622916,0.15415068,0,0,0,-1,1,0,0,0,0,0,0,0,0,0,0,0,0,0,0,0,0
131,DULWICH ROAD,HERNE HILL,0.018018506,0,0,0,0,-1,1,0,0,0,0,0,0,0,0,0,0,0,0,0,0,0,0
14,BARING STREET,HOXTON,0.059423421,0.293135923,0,0,0,-1,1,0,0,0,0,0,0,0,0,0,0,0,0,0,0,0,0
148,HIGH STREET,POPLAR,0.074107972,0,,0,0,-1,1,0,0,0,0,0,0,0,0,0,0,0,0,0,0,0,0
16,COLERIDGE ROAD,FINSBURY PARK,0,0,0,0,0,-1,1,0,0,0,0,0,0,0,0,0,0,0,0,0,0,0,0
199,MAPLE ROAD,PENGE,0.14536585,0,,0,0,-1,1,0,0,0,0,0,0,0,0,0,0,0,0,0,0,0,0
2,BOLINGBROKE ROAD,BATTERSEA,0.014388738,0,,0,0,-1,1,0,0,0,0,0,0,0,0,0,0,0,0,0,0,0,0
2,LLOYD SQUARE,PENTONVILLE,-0.191891008,-0.105360516,0.09531018,0,0,-1,1,0,0,0,0,0,0,0,0,0,0,0,0,0,0,0,0
24,PORTLAND ROAD,NORWOOD,0.223143551,0,,0,0,-1,1,0,0,0,0,0,0,0,0,0,0,0,0,0,0,0,0
35,MALDEN ROAD,KENTISH TOWN,-0.077961541,,0,0,0,-1,1,0,0,0,0,0,0,0,0,0,0,0,0,0,0,0,0
456,KINGSLAND ROAD,KINGSLAND,-1.32175584,0,,0,0,-1,1,0,0,0,0,0,0,0,0,0,0,0,0,0,0,0,0
56,MILE END ROAD,MILE END,-0.139761942,0.182321557,0,0,0,-1,1,0,0,0,0,0,0,0,0,0,0,0,0,0,0,0,0
606,HIGH ROAD,LEYTONSTONE,0.00881063,0,,0,0,-1,1,0,0,0,0,0,0,0,0,0,0,0,0,0,0,0,0
75,FRAMPTON PARK ROAD,HACKNEY,-0.048009219,-0.051293294,0,0,0,-1,1,0,0,0,0,0,0,0,0,0,0,0,0,0,0,0,0
9,ALFRED PLACE,HAGGERSTON,-0.068992871,0.175890667,,0,0,-1,1,0,0,0,0,0,0,0,0,0,0,0,0,0,0,0,0
98,RICHMOND ROAD,BARNSBURY,-0.025975486,0,0,0,0,-1,1,0,0,0,0,0,0,0,0,0,0,0,0,0,0,0,0
99,HIGH ROAD,LEE,0.08288766,0,0,0,0,-1,1,0,0,0,0,0,0,0,0,0,0,0,0,0,0,0,0
109,OAKLEY STREET,LAMBETH,0.080852097,0,,0,0,-1,0,1,0,0,0,0,0,0,0,0,0,0,0,0,0,0,0
228,EAST INDIA ROAD,POPLAR,1.358123484,0.223143551,,0,0,-1,0,1,0,0,0,0,0,0,0,0,0,0,0,0,0,0,0
25,BRUCE ROAD,HARLESDEN,0.258861634,0.182321557,0,0,0,-1,0,1,0,0,0,0,0,0,0,0,0,0,0,0,0,0,0
299,KINGSLAND ROAD,KINGSLAND,0,0,0,0,0,-1,0,1,0,0,0,0,0,0,0,0,0,0,0,0,0,0,0
32,NAVARINO ROAD,DALSTON,0.200670696,0.136132174,0,0,0,-1,0,1,0,0,0,0,0,0,0,0,0,0,0,0,0,0,0
32,ST. MARY'S ROAD,CANONBURY,0.223143551,-0.031252544,0,0,0,-1,0,1,0,0,0,0,0,0,0,0,0,0,0,0,0,0,0
48,BENLEDI STREET,POPLAR,0.182321557,,0,0,0,-1,0,1,0,0,0,0,0,0,0,0,0,0,0,0,0,0,0
52,WEST HILL,SYDENHAM,0.068992872,0,0,0,0,-1,0,1,0,0,0,0,0,0,0,0,0,0,0,0,0,0,0
75,WELLESLEY ROAD,CHISWICK,0,-0.033901552,1.049822125,0,0,-1,0,1,0,0,0,0,0,0,0,0,0,0,0,0,0,0,0
8,OXFORD TERRACE,ISLINGTON,-0.191891008,0,0,0,0,-1,0,1,0,0,0,0,0,0,0,0,0,0,0,0,0,0,0
9,AVENUE ROAD,BOW,0.16251893,0.498753043,0,0,0,-1,0,1,0,0,0,0,0,0,0,0,0,0,0,0,0,0,0
105,TREDEGAR ROAD,BOW,0.253195896,,0,0,0,-1,0,0,1,0,0,0,0,0,0,0,0,0,0,0,0,0,0
11,CESTER STREET,HAGGERSTON,0.3074847,,0,0,0,-1,0,0,1,0,0,0,0,0,0,0,0,0,0,0,0,0,0
123,MOORE PARK ROAD,FULHAM,0.116072171,0,0,0,0,-1,0,0,1,0,0,0,0,0,0,0,0,0,0,0,0,0,0
2,ATHERDEN ROAD,CLAPTON,0.048790164,,0,0,0,-1,0,0,1,0,0,0,0,0,0,0,0,0,0,0,0,0,0
2,WARWICK PLACE WEST MEWS,PIMLICO,-0.485507816,,0,0,0,-1,0,0,1,0,0,0,0,0,0,0,0,0,0,0,0,0,0
21,TRAFALGAR SQUARE,CHELSEA,-0.567984038,,0,0,0,-1,0,0,1,0,0,0,0,0,0,0,0,0,0,0,0,0,0
30,ARLINGFORD ROAD,BRIXTON,0.241162057,,0,0,0,-1,0,0,1,0,0,0,0,0,0,0,0,0,0,0,0,0,0
31,ROLLO STREET,BATTERSEA,0.302280872,,0,0,0,-1,0,0,1,0,0,0,0,0,0,0,0,0,0,0,0,0,0
35,GOLDNEY ROAD,PADDINGTON,0.112477983,0,0,0,0,-1,0,0,1,0,0,0,0,0,0,0,0,0,0,0,0,0,0
6,COWPER ROAD,STOKE NEWINGTON,-0.014388737,,-0.048790164,0,0,-1,0,0,1,0,0,0,0,0,0,0,0,0,0,0,0,0,0
10,WINDSOR ROAD,HOLLOWAY,0.287682073,0.117783036,0,0,0,-1,0,0,0,1,0,0,0,0,0,0,0,0,0,0,0,0,0
11,CESTER STREET,HAGGERSTON,0.076961041,,0,0,0,-1,0,0,0,1,0,0,0,0,0,0,0,0,0,0,0,0,0
150,LEATHWAITE ROAD,CLAPHAM,0.039220713,,0,0,0,-1,0,0,0,1,0,0,0,0,0,0,0,0,0,0,0,0,0
3,GOLDINGTON CRESCENT,ST. PANCRAS,0.080042708,,0,0,0,-1,0,0,0,1,0,0,0,0,0,0,0,0,0,0,0,0,0
35,MALDEN ROAD,KENTISH TOWN,0.233093882,0.039220713,-0.048790164,0,0,-1,0,0,0,1,0,0,0,0,0,0,0,0,0,0,0,0,0
42,EAST BANK,STAMFORD HILL,0.282566972,0.223143551,0,0,0,-1,0,0,0,1,0,0,0,0,0,0,0,0,0,0,0,0,0
95,STAMFORD STREET,LAMBETH,-0.277631737,0,0,0,0,-1,0,0,0,1,0,0,0,0,0,0,0,0,0,0,0,0,0
1,BLYTHE HILL,CATFORD,-0.15082289,-0.028987537,,0,0,-1,0,0,0,0,1,0,0,0,0,0,0,0,0,0,0,0,0
141,LEWISHAM ROAD,LEWISHAM,-0.454255272,0.09531018,0,0,0,-1,0,0,0,0,1,0,0,0,0,0,0,0,0,0,0,0,0
17,GREAT CHARLOTTE STREET,BLACKFRIARS,0.559615788,0.573345981,0,0,0,-1,0,0,0,0,1,0,0,0,0,0,0,0,0,0,0,0,0
22,TASMAN ROAD,STOCKWELL,0.080042708,0.297251524,0,0,0,-1,0,0,0,0,1,0,0,0,0,0,0,0,0,0,0,0,0
28,SUSANNAH STREET,POPLAR,-0.060624622,0.080042708,,0,0,-1,0,0,0,0,1,0,0,0,0,0,0,0,0,0,0,0,0
31,MOSS STREET,BETHNAL GREEN,0.120144312,0,,0,0,-1,0,0,0,0,1,0,0,0,0,0,0,0,0,0,0,0,0
31,MOSS STREET,BETHNAL GREEN,-0.124052649,0,,0,0,-1,0,0,0,0,1,0,0,0,0,0,0,0,0,0,0,0,0
42,COMPTON ROAD,CANONBURY,-0.203340924,0,,0,0,-1,0,0,0,0,1,0,0,0,0,0,0,0,0,0,0,0,0
538,,COMMERCIAL ROAD EAST,0.236388778,0,,0,0,-1,0,0,0,0,1,0,0,0,0,0,0,0,0,0,0,0,0
55,ARUNDEL SQUARE,BARNSBURY,0.033901552,0.080042708,0,0,0,-1,0,0,0,0,1,0,0,0,0,0,0,0,0,0,0,0,0
67,MIDDLESEX STREET,ALDGATE,0.046043939,0.492476485,,0,0,-1,0,0,0,0,1,0,0,0,0,0,0,0,0,0,0,0,0
7,JOHNSON'S PLACE,PIMLICO,-0.124052649,0.362447723,0,0,0,-1,0,0,0,0,1,0,0,0,0,0,0,0,0,0,0,0,0
7,LANGHAM ROAD,TOTTENHAM,0.050010421,0.040821995,0,0,0,-1,0,0,0,0,1,0,0,0,0,0,0,0,0,0,0,0,0
77,CHURCH STREET,STOKE NEWINGTON,0.133531393,,0,0,0,-1,0,0,0,0,1,0,0,0,0,0,0,0,0,0,0,0,0
78,GREAT TITCHFIELD STREET,MARYLEBONE,0.091567194,-0.257829109,0,0,0,-1,0,0,0,0,1,0,0,0,0,0,0,0,0,0,0,0,0
10,CESTER STREET,HAGGERSTON,0.00643089,0,,0,0,-1,0,0,0,0,0,1,0,0,0,0,0,0,0,0,0,0,0
10,WESTDOWN ROAD,CATFORD,0.025317808,0,0,0,0,-1,0,0,0,0,0,1,0,0,0,0,0,0,0,0,0,0,0
18,MOORE PARK ROAD,FULHAM,0.182321557,0,0,0,0,-1,0,0,0,0,0,1,0,0,0,0,0,0,0,0,0,0,0
20,HIGHWEEK ROAD,TOTTENHAM,0.089948237,0.090971778,0,0,0,-1,0,0,0,0,0,1,0,0,0,0,0,0,0,0,0,0,0
24,MOORE PARK ROAD,FULHAM,0.045462374,0,-0.048790164,0,0,-1,0,0,0,0,0,1,0,0,0,0,0,0,0,0,0,0,0
5,TERRACE ROAD,HACKNEY,-0.105360516,0,0,0,0,-1,0,0,0,0,0,1,0,0,0,0,0,0,0,0,0,0,0
121,PRIORY PARK ROAD,KILBURN,0.182321557,0.111225635,0,0,0,-1,0,0,0,0,0,0,1,0,0,0,0,0,0,0,0,0,0
123,PRIORY PARK ROAD,KILBURN,0.15415068,0.054067221,,0,0,-1,0,0,0,0,0,0,1,0,0,0,0,0,0,0,0,0,0
16,BECKWAY STREET,WALWORTH,-0.127833372,0.133531393,,0,0,-1,0,0,0,0,0,0,1,0,0,0,0,0,0,0,0,0,0
23,HIGHBURY GROVE,HIGHBURY,-0.165667122,0,,0,0,-1,0,0,0,0,0,0,1,0,0,0,0,0,0,0,0,0,0
32,CLARIBEL ROAD,BRIXTON,-0.246860078,0.054067221,0,0,0,-1,0,0,0,0,0,0,1,0,0,0,0,0,0,0,0,0,0
420,HIGH ROAD,TOTTENHAM,0.092592787,0.405465108,,0,0,-1,0,0,0,0,0,0,1,0,0,0,0,0,0,0,0,0,0
43,LIBERIA ROAD,HIGHBURY,0.050010421,0.146603474,0.068992872,0,0,-1,0,0,0,0,0,0,1,0,0,0,0,0,0,0,0,0,0
71,WHITE HART LANE,BARNES,0,0,0,0,0,-1,0,0,0,0,0,0,1,0,0,0,0,0,0,0,0,0,0
9,MUSGRAVE CRESCENT,FULHAM,0,0,0,0,0,-1,0,0,0,0,0,0,1,0,0,0,0,0,0,0,0,0,0
11,GOULTON ROAD,CLAPTON,-0.111225635,-0.09531018,,0,0,-1,0,0,0,0,0,0,0,1,0,0,0,0,0,0,0,0,0
13,HARRINGTON STREET,HAMPSTEAD ROAD,-0.161268148,,0,0,0,-1,0,0,0,0,0,0,0,1,0,0,0,0,0,0,0,0,0
155,ESTCOURT ROAD,FULHAM,-0.021053409,0.068992872,0,0,0,-1,0,0,0,0,0,0,0,1,0,0,0,0,0,0,0,0,0
2,DEVONSHIRE ROAD,SOUTH LAMBETH,0.069958589,0,,0,0,-1,0,0,0,0,0,0,0,1,0,0,0,0,0,0,0,0,0
2,RUSHEY GREEN,CATFORD,0.84218276,0.584933596,,0,0,-1,0,0,0,0,0,0,0,1,0,0,0,0,0,0,0,0,0
209,STANHOPE STREET,HAMPSTEAD ROAD,-0.052185753,0.046520016,0,0,0,-1,0,0,0,0,0,0,0,1,0,0,0,0,0,0,0,0,0
21,MEDUSA ROAD,CATFORD,-0.129211731,0,0,0,0,-1,0,0,0,0,0,0,0,1,0,0,0,0,0,0,0,0,0
28,MAYFIELD ROAD,DALSTON,-0.518793793,0.060624622,0,0,0,-1,0,0,0,0,0,0,0,1,0,0,0,0,0,0,0,0,0
38,TORBAY STREET,KENTISH TOWN,-0.061875404,0.072320662,0,0,0,-1,0,0,0,0,0,0,0,1,0,0,0,0,0,0,0,0,0
456,KINGSLAND ROAD,KINGSLAND,-2.302585093,-0.143100844,,0,0,-1,0,0,0,0,0,0,0,1,0,0,0,0,0,0,0,0,0
5,GREAT CHARLOTTE STREET,BLACKFRIARS,-1.145132304,,0,0,0,-1,0,0,0,0,0,0,0,1,0,0,0,0,0,0,0,0,0
7,JOHNSON'S PLACE,PIMLICO,-0.068992871,0.362447723,0,0,0,-1,0,0,0,0,0,0,0,1,0,0,0,0,0,0,0,0,0
1,BLYTHE HILL,CATFORD,-0.867500568,,,0,0,-1,0,0,0,0,0,0,0,0,1,0,0,0,0,0,0,0,0
10,CESTER STREET,HAGGERSTON,-0.156842471,-0.15415068,,0,0,-1,0,0,0,0,0,0,0,0,1,0,0,0,0,0,0,0,0
19,RECULVER ROAD,DEPTFORD,0.068992872,0,0,0,0,-1,0,0,0,0,0,0,0,0,1,0,0,0,0,0,0,0,0
287,NORWOOD ROAD,HERNE HILL,-0.955511445,0.117783036,0,0,0,-1,0,0,0,0,0,0,0,0,1,0,0,0,0,0,0,0,0
297,CAMDEN ROAD,HOLLOWAY,0.10724553,-0.080042708,0,0,0,-1,0,0,0,0,0,0,0,0,1,0,0,0,0,0,0,0,0
71,WILLIAM STREET,HAMPSTEAD ROAD,-0.418710335,,0,0,0,-1,0,0,0,0,0,0,0,0,1,0,0,0,0,0,0,0,0
142,CAMDEN ROAD,CAMDEN TOWN,-0.550046337,0,0,0,0,-1,0,0,0,0,0,0,0,0,0,1,0,0,0,0,0,0,0
142,CAMDEN ROAD,CAMDEN TOWN,-0.412845215,0,0,0,0,-1,0,0,0,0,0,0,0,0,0,1,0,0,0,0,0,0,0
153,EAST DULWICH GROVE,DULWICH,-0.131927543,,0,0,0,-1,0,0,0,0,0,0,0,0,0,1,0,0,0,0,0,0,0
183,ANERLEY ROAD,ANERLEY,-0.14792013,,0.105360516,0,0,-1,0,0,0,0,0,0,0,0,0,1,0,0,0,0,0,0,0
25,TONSLEY ROAD,WANDSWORTH,-0.158224005,0.010929071,0,0,0,-1,0,0,0,0,0,0,0,0,0,1,0,0,0,0,0,0,0
28,BARTHOLOMEW ROAD,KENTISH TOWN,-0.192077732,,0,0,0,-1,0,0,0,0,0,0,0,0,0,1,0,0,0,0,0,0,0
30,MATILDA STREET,BARNSBURY,-0.487014975,0.057158414,0,0,0,-1,0,0,0,0,0,0,0,0,0,1,0,0,0,0,0,0,0
38,MURIEL STREET,BARNSBURY,-0.459532329,0.033901552,0,0,0,-1,0,0,0,0,0,0,0,0,0,1,0,0,0,0,0,0,0
39,ST. PAUL'S ROAD,CANONBURY,0.019802627,0.143100844,0,0,0,-1,0,0,0,0,0,0,0,0,0,1,0,0,0,0,0,0,0
55,ST. PETER'S ROAD,MILE END,-1.423108334,0.048790164,0,0,0,-1,0,0,0,0,0,0,0,0,0,0,1,0,0,0,0,0,0
16,CROWN TERRACE,KENTISH TOWN,-0.245122458,0.331357136,0,0,0,-1,0,0,0,0,0,0,0,0,0,0,0,1,0,0,0,0,0
18,NEW STREET,ST. JOHN'S WOOD,-0.593063722,0.69600025,0,0,0,-1,0,0,0,0,0,0,0,0,0,0,0,1,0,0,0,0,0
318,CRYSTAL PALACE ROAD,DULWICH,-0.360002734,0.331357136,0,0,0,-1,0,0,0,0,0,0,0,0,0,0,0,1,0,0,0,0,0
19,RECULVER ROAD,DEPTFORD,-0.767255153,-0.105360516,0,0,0,-1,0,0,0,0,0,0,0,0,0,0,0,0,1,0,0,0,0
197,PORTSDOWN ROAD,MAIDA VALE,-0.916290732,0.236388778,,0,0,-1,0,0,0,0,0,0,0,0,0,0,0,0,1,0,0,0,0
25,TONSLEY ROAD,WANDSWORTH,-0.158224005,0.090971778,0,0,0,-1,0,0,0,0,0,0,0,0,0,0,0,0,1,0,0,0,0
28,MAYFIELD ROAD,DALSTON,-1.029619417,0.060624622,0,0,0,-1,0,0,0,0,0,0,0,0,0,0,0,0,1,0,0,0,0
58,LONGTON GROVE,SYDENHAM,-0.798507696,0,0,0,0,-1,0,0,0,0,0,0,0,0,0,0,0,0,0,1,0,0,0
7,TRINITY MEWS,PIMLICO,-1.474401629,-0.248461359,0,0,0,-1,0,0,0,0,0,0,0,0,0,0,0,0,0,1,0,0,0
56,MILE END ROAD,MILE END,-0.609765572,-0.040821995,0,0,0,-1,0,0,0,0,0,0,0,0,0,0,0,0,0,0,1,0,0
9,ALFRED PLACE,HAGGERSTON,-2.302585093,-0.262364264,,0,0,-1,0,0,0,0,0,0,0,0,0,0,0,0,0,0,1,0,0
106,MANOR ROAD,STOKE NEWINGTON,-0.057629113,0.074107972,0,0,0,-1,0,0,0,0,0,0,0,0,0,0,0,0,0,0,0,1,0
26,DERWENT ROAD,ANERLEY,-1.32175584,0,0,0,0,-1,0,0,0,0,0,0,0,0,0,0,0,0,0,0,0,1,0
32,SILVERDALE,SYDENHAM,0.27029033,-0.430782916,,0,0,-1,0,0,0,0,0,0,0,0,0,0,0,0,0,0,0,1,0
19,WYNNE ROAD,BRIXTON,-0.192903666,0.01702974,0,0,0,-1,0,0,0,0,0,0,0,0,0,0,0,0,0,0,0,0,1
3,ALLEYN CRESCENT,DULWICH,-0.556571646,0,0,0,0,-1,0,0,0,0,0,0,0,0,0,0,0,0,0,0,0,0,1
34,COMERFORD ROAD,BROCKLEY,-0.182321557,0,0,0,0,-1,0,0,0,0,0,0,0,0,0,0,0,0,0,0,0,0,1
1,SELSDON ROAD,UPTON PARK,0.259511196,0.15415068,,0,0,0,-1,1,0,0,0,0,0,0,0,0,0,0,0,0,0,0,0
108,UPPER TULSE HILL,BRIXTON,0.216671037,0,0,0,0,0,-1,1,0,0,0,0,0,0,0,0,0,0,0,0,0,0,0
111,GRANVILLE ROAD,KILBURN,0.054067221,,-0.060624622,0,0,0,-1,1,0,0,0,0,0,0,0,0,0,0,0,0,0,0,0
128,KERBEY STREET,POPLAR,-0.027028672,0,,0,0,0,-1,1,0,0,0,0,0,0,0,0,0,0,0,0,0,0,0
15,FELTON STREET,HOXTON,0.315081047,0,,0,0,0,-1,1,0,0,0,0,0,0,0,0,0,0,0,0,0,0,0
16,TOLMER'S SQUARE,HAMPSTEAD ROAD,0.015151805,0,0,0,0,0,-1,1,0,0,0,0,0,0,0,0,0,0,0,0,0,0,0
26,GILMORE ROAD,LEWISHAM,-0.039220713,0,0,0,0,0,-1,1,0,0,0,0,0,0,0,0,0,0,0,0,0,0,0
26,PORTLAND ROAD,FINSBURY PARK,0.048790164,0,0,0,0,0,-1,1,0,0,0,0,0,0,0,0,0,0,0,0,0,0,0
39,ZETLAND STREET,POPLAR,0,0.117182255,0,0,0,0,-1,1,0,0,0,0,0,0,0,0,0,0,0,0,0,0,0
4,CHARLES STREET,HOLLOWAY,0.146603474,0,0,0,0,0,-1,1,0,0,0,0,0,0,0,0,0,0,0,0,0,0,0
47,NORFOLK ROAD,DALSTON,0.14403937,0.111225635,0,0,0,0,-1,1,0,0,0,0,0,0,0,0,0,0,0,0,0,0,0
65,PONSONBY PLACE,WESTMINSTER,0.16507975,,0,0,0,0,-1,1,0,0,0,0,0,0,0,0,0,0,0,0,0,0,0
65,TOLLINGTON PARK,HOLLOWAY,0.079137321,0,0,0,0,0,-1,1,0,0,0,0,0,0,0,0,0,0,0,0,0,0,0
65,WOOD LANE,SHEPHERD'S BUSH,0.075985907,-0.174353387,0,0,0,0,-1,1,0,0,0,0,0,0,0,0,0,0,0,0,0,0,0
67,HIGHBURY NEW PARK,HIGHBURY,-0.182321557,-0.182321557,0,0,0,0,-1,1,0,0,0,0,0,0,0,0,0,0,0,0,0,0,0
74,EBURY STREET,PIMLICO,-0.004434597,0,0,0,0,0,-1,1,0,0,0,0,0,0,0,0,0,0,0,0,0,0,0
74,EBURY STREET,PIMLICO,0.060103924,0,0,0,0,0,-1,1,0,0,0,0,0,0,0,0,0,0,0,0,0,0,0
96,ISLIP STREET,KENTISH TOWN,0.223143551,0.100083459,0,0,0,0,-1,1,0,0,0,0,0,0,0,0,0,0,0,0,0,0,0
104,WEEDINGTON ROAD,KENTISH TOWN,0.308735482,-0.080042708,0,0,0,0,-1,0,1,0,0,0,0,0,0,0,0,0,0,0,0,0,0
108,GREENWOOD ROAD,DALSTON,0.158224005,0.133531393,0,0,0,0,-1,0,1,0,0,0,0,0,0,0,0,0,0,0,0,0,0
129,ELTHORNE ROAD,HOLLOWAY,0.219362829,0.111225635,0,0,0,0,-1,0,1,0,0,0,0,0,0,0,0,0,0,0,0,0,0
132,PORTLAND ROAD,NOTTING HILL,0.16907633,,0,0,0,0,-1,0,1,0,0,0,0,0,0,0,0,0,0,0,0,0,0
273,EAST INDIA DOCK ROAD,POPLAR,0.246860078,0,0,0,0,0,-1,0,1,0,0,0,0,0,0,0,0,0,0,0,0,0,0
30,ROSSITER ROAD,BALHAM,-0.074107972,0.060624622,0,0,0,0,-1,0,1,0,0,0,0,0,0,0,0,0,0,0,0,0,0
38,CLIFTON ROAD,PECKHAM,0.167054085,0,,0,0,0,-1,0,1,0,0,0,0,0,0,0,0,0,0,0,0,0,0
43,RHYL STREET,KENTISH TOWN,-0.017094433,,0,0,0,0,-1,0,1,0,0,0,0,0,0,0,0,0,0,0,0,0,0
46,SONNING STREET,BARNSBURY,0.22612418,,0,0,0,0,-1,0,1,0,0,0,0,0,0,0,0,0,0,0,0,0,0
68,NUNHEAD GROVE,PECKHAM,-0.018692133,0,0,0,0,0,-1,0,1,0,0,0,0,0,0,0,0,0,0,0,0,0,0
7,OVERTON ROAD,BRIXTON,-0.117783036,-0.056089467,0,0,0,0,-1,0,1,0,0,0,0,0,0,0,0,0,0,0,0,0,0
95,HEMINGFORD ROAD,BARNSBURY,0.10426101,-0.068992871,0,0,0,0,-1,0,1,0,0,0,0,0,0,0,0,0,0,0,0,0,0
1,HANWAY PLACE,OXFORD STREET,0.343018905,0.287682073,0,0,0,0,-1,0,0,1,0,0,0,0,0,0,0,0,0,0,0,0,0
12,ALBERT ROAD,KILBURN,0.156842472,0,0,0,0,0,-1,0,0,1,0,0,0,0,0,0,0,0,0,0,0,0,0
132,JAMAICA ROAD,BERMONDSEY,-0.116724274,0,,0,0,0,-1,0,0,1,0,0,0,0,0,0,0,0,0,0,0,0,0
18,CAWLEY ROAD,VICTORIA PARK,0.055262679,0.117783036,0,0,0,0,-1,0,0,1,0,0,0,0,0,0,0,0,0,0,0,0,0
223,EAST INDIA DOCK ROAD,POPLAR,-0.074107972,0,,0,0,0,-1,0,0,1,0,0,0,0,0,0,0,0,0,0,0,0,0
27,ROCHESTER ROAD,CAMDEN TOWN,0.147635999,,0,0,0,0,-1,0,0,1,0,0,0,0,0,0,0,0,0,0,0,0,0
30,COMPTON ROAD,CANONBURY,-0.020202707,,0,0,0,0,-1,0,0,1,0,0,0,0,0,0,0,0,0,0,0,0,0
35,MALDEN ROAD,KENTISH TOWN,0.311055424,,-0.048790164,0,0,0,-1,0,0,1,0,0,0,0,0,0,0,0,0,0,0,0,0
35,NORTHUMBERLAND GROVE,TOTTENHAM,-0.024097552,0,0,0,0,0,-1,0,0,1,0,0,0,0,0,0,0,0,0,0,0,0,0
39,HOPTON ROAD,STREATHAM,-0.063715814,,0,0,0,0,-1,0,0,1,0,0,0,0,0,0,0,0,0,0,0,0,0
53,SOUTHGATE ROAD,DE BEAUVOIR TOWN,0.223143551,0.09531018,3.601868077,0,0,0,-1,0,0,1,0,0,0,0,0,0,0,0,0,0,0,0,0
55,PARADISE STREET,ROTHERHITHE,-0.09237332,,,0,0,0,-1,0,0,1,0,0,0,0,0,0,0,0,0,0,0,0,0
6,MARKET STREET,POPLAR,0.115512887,,0,0,0,0,-1,0,0,1,0,0,0,0,0,0,0,0,0,0,0,0,0
74,MILTON ROAD,WALTHAMSTOW,0.083381609,0.060624622,,0,0,0,-1,0,0,1,0,0,0,0,0,0,0,0,0,0,0,0,0
74,MILTON ROAD,WALTHAMSTOW,-0.090971778,,,0,0,0,-1,0,0,1,0,0,0,0,0,0,0,0,0,0,0,0,0
86,DEMPSEY STREET,STEPNEY,0.025317808,0,0,0,0,0,-1,0,0,1,0,0,0,0,0,0,0,0,0,0,0,0,0
10,COMPTON TERRACE,ISLINGTON,0.437213806,0.485507816,0,0,0,0,-1,0,0,0,1,0,0,0,0,0,0,0,0,0,0,0,0
129,NEW NORTH ROAD,HOXTON,-0.606135804,0.040821995,,0,0,0,-1,0,0,0,1,0,0,0,0,0,0,0,0,0,0,0,0
306,HAYDON'S ROAD,WIMBLEDON,-0.040821995,0.223143551,0,0,0,0,-1,0,0,0,1,0,0,0,0,0,0,0,0,0,0,0,0
38,ALMERIC ROAD,BATTERSEA,0.147157644,0.117783036,0,0,0,0,-1,0,0,0,1,0,0,0,0,0,0,0,0,0,0,0,0
47,ECCLESBOURNE ROAD,ISLINGTON,-0.033522692,-0.117783036,,0,0,0,-1,0,0,0,1,0,0,0,0,0,0,0,0,0,0,0,0
47,KNOWLE ROAD,BRIXTON,0.093818755,0,0,0,0,0,-1,0,0,0,1,0,0,0,0,0,0,0,0,0,0,0,0
64,HALLIFORD STREET,ISLINGTON,-0.182321557,0.087011377,,0,0,0,-1,0,0,0,1,0,0,0,0,0,0,0,0,0,0,0,0
8,AMBERLEY ROAD,LEYTON,-0.105360516,,,0,0,0,-1,0,0,0,1,0,0,0,0,0,0,0,0,0,0,0,0
118,EFFINGHAM ROAD,HARRINGAY,0.083381609,0,0,0,0,0,-1,0,0,0,0,1,0,0,0,0,0,0,0,0,0,0,0
124,TRAFALGAR ROAD,OLD KENT ROAD,0.049596941,0.060624622,0,0,0,0,-1,0,0,0,0,1,0,0,0,0,0,0,0,0,0,0,0
19,AVENUE ROAD,LEWISHAM,0.087011377,0.274436846,,0,0,0,-1,0,0,0,0,1,0,0,0,0,0,0,0,0,0,0,0
31,CAZENOVE ROAD,STOKE NEWINGTON,0.30271995,0.087011377,0,0,0,0,-1,0,0,0,0,1,0,0,0,0,0,0,0,0,0,0,0
43,COOMER ROAD,FULHAM,-0.223143551,0.36772478,0,0,0,0,-1,0,0,0,0,1,0,0,0,0,0,0,0,0,0,0,0
43,REEDHAM STREET,PECKHAM,-0.262364264,0.287682073,0,0,0,0,-1,0,0,0,0,1,0,0,0,0,0,0,0,0,0,0,0
97,RIVERSDALE ROAD,HIGHBURY,-1.023388867,0,0,0,0,0,-1,0,0,0,0,1,0,0,0,0,0,0,0,0,0,0,0
25,BOW ROAD,BOW,-0.064538521,0,0,0,0,0,-1,0,0,0,0,0,1,0,0,0,0,0,0,0,0,0,0
55,CLAREMONT ROAD,FOREST GATE,-0.144934025,0.080042708,0,0,0,0,-1,0,0,0,0,0,1,0,0,0,0,0,0,0,0,0,0
87,GREENWOOD ROAD,DALSTON,0.074107972,0,0,0,0,0,-1,0,0,0,0,0,1,0,0,0,0,0,0,0,0,0,0
11,AUGUSTUS ROAD,SHEPHERD'S BUSH,0.054067221,0,-0.693147181,0,0,0,-1,0,0,0,0,0,0,1,0,0,0,0,0,0,0,0,0
139,ASYLUM ROAD,PECKHAM,0.061875404,0.356674944,,0,0,0,-1,0,0,0,0,0,0,1,0,0,0,0,0,0,0,0,0
157,SANDRINGHAM ROAD,DALSTON,0.027779564,0.16251893,0,0,0,0,-1,0,0,0,0,0,0,1,0,0,0,0,0,0,0,0,0
188,HIGH STREET,PECKHAM,0.0104713,0,,0,0,0,-1,0,0,0,0,0,0,1,0,0,0,0,0,0,0,0,0
21,LIDDON ROAD,PLAISTOW,-0.054067221,0.153572144,0,0,0,0,-1,0,0,0,0,0,0,1,0,0,0,0,0,0,0,0,0
31,HUNTINGDON STREET,KINGSLAND,-0.024097552,0,0,0,0,0,-1,0,0,0,0,0,0,1,0,0,0,0,0,0,0,0,0
456,KINGSLAND ROAD,KINGSLAND,-0.980829253,-0.143100844,,0,0,0,-1,0,0,0,0,0,0,1,0,0,0,0,0,0,0,0,0
471,BATTERSEA PARK ROAD,BATTERSEA,0.115831816,0,0,0,0,0,-1,0,0,0,0,0,0,1,0,0,0,0,0,0,0,0,0
61,RUSHTON STREET,HOXTON,-0.053109825,0.485507816,0,0,0,0,-1,0,0,0,0,0,0,1,0,0,0,0,0,0,0,0,0
7,LEINSTER STREET,HYDE PARK,0.129677823,0.050430854,-0.693147181,0,0,0,-1,0,0,0,0,0,0,1,0,0,0,0,0,0,0,0,0
1,PLOUGH ROAD,BATTERSEA,-0.020619287,0.15415068,-0.15415068,0,0,0,-1,0,0,0,0,0,0,0,1,0,0,0,0,0,0,0,0
56,HIGH STREET,ISLINGTON,-0.061693569,0,,0,0,0,-1,0,0,0,0,0,0,0,1,0,0,0,0,0,0,0,0
10,WINSTON ROAD,STOKE NEWINGTON,-0.435318071,0.060624622,0,0,0,0,-1,0,0,0,0,0,0,0,0,1,0,0,0,0,0,0,0
127,VICTORIA PARK ROAD,HACKNEY,-0.386772975,,0,0,0,0,-1,0,0,0,0,0,0,0,0,1,0,0,0,0,0,0,0
24,LARKHALL RISE,CLAPHAM,-0.84729786,,0,0,0,0,-1,0,0,0,0,0,0,0,0,1,0,0,0,0,0,0,0
35,ARLINGTON SQUARE,ISLINGTON,-0.598836501,-0.136132174,0,0,0,0,-1,0,0,0,0,0,0,0,0,1,0,0,0,0,0,0,0
40,WHITE HORSE LANE,STEPNEY,-0.202524264,0,,0,0,0,-1,0,0,0,0,0,0,0,0,1,0,0,0,0,0,0,0
41,LORDSHIP ROAD,STOKE NEWINGTON,-0.128832872,-0.117783036,0,0,0,0,-1,0,0,0,0,0,0,0,0,1,0,0,0,0,0,0,0
56,HIGH STREET,ISLINGTON,-0.117783036,0,,0,0,0,-1,0,0,0,0,0,0,0,0,1,0,0,0,0,0,0,0
18,ORCHARD STREET,ISLINGTON,-0.780158558,-0.223143551,0,0,0,0,-1,0,0,0,0,0,0,0,0,0,1,0,0,0,0,0,0
2,ALBERT STREET,REGENT'S PARK,0.935877865,,0,0,0,0,-1,0,0,0,0,0,0,0,0,0,1,0,0,0,0,0,0
213,GOLDHAWK ROAD,SHEPHERD'S BUSH,-0.169418152,-0.117783036,0,0,0,0,-1,0,0,0,0,0,0,0,0,0,1,0,0,0,0,0,0
31,DEAN STREET,ISLINGTON,-0.860201265,0.201739643,0,0,0,0,-1,0,0,0,0,0,0,0,0,0,1,0,0,0,0,0,0
36,PATSHULL ROAD,KENTISH TOWN,-0.324776197,0.040821995,2.079441542,0,0,0,-1,0,0,0,0,0,0,0,0,0,1,0,0,0,0,0,0
36,PATSHULL ROAD,KENTISH TOWN,-0.199613054,0.040821995,0,0,0,0,-1,0,0,0,0,0,0,0,0,0,1,0,0,0,0,0,0
36,ST. PAUL'S STREET,ISLINGTON,-0.630626824,0.234193388,0,0,0,0,-1,0,0,0,0,0,0,0,0,0,1,0,0,0,0,0,0
46,NEW NORTH ROAD,HOXTON,-0.423483614,0,0,0,0,0,-1,0,0,0,0,0,0,0,0,0,1,0,0,0,0,0,0
71,BERMONDSEY STREET,BERMONDSEY,-0.704197017,-0.223143551,,0,0,0,-1,0,0,0,0,0,0,0,0,0,1,0,0,0,0,0,0
11,AUGUSTUS ROAD,SHEPHERD'S BUSH,-0.251314428,0,2.302585093,0,0,0,-1,0,0,0,0,0,0,0,0,0,0,1,0,0,0,0,0
384,BRIXTON ROAD,BRIXTON,-1.098612289,-0.080042708,,0,0,0,-1,0,0,0,0,0,0,0,0,0,0,1,0,0,0,0,0
67,HIGHBURY NEW PARK,HIGHBURY,-0.578736829,,0,0,0,0,-1,0,0,0,0,0,0,0,0,0,0,1,0,0,0,0,0
116,JAMAICA ROAD,BERMONDSEY,-0.431782416,,,0,0,0,-1,0,0,0,0,0,0,0,0,0,0,0,1,0,0,0,0
13,WINDSOR ROAD,CAMBERWELL,-0.916290732,,0,0,0,0,-1,0,0,0,0,0,0,0,0,0,0,0,1,0,0,0,0
14,TORRINGTON SQUARE,BLOOMSBURY,-0.619943777,,0,0,0,0,-1,0,0,0,0,0,0,0,0,0,0,0,1,0,0,0,0
33,COMPTON ROAD,CANONBURY,-0.583947889,0.146603474,,0,0,0,-1,0,0,0,0,0,0,0,0,0,0,0,1,0,0,0,0
8,TOLLINGTON PLACE,HOLLOWAY,-2.595254707,-0.171850257,0,0,0,0,-1,0,0,0,0,0,0,0,0,0,0,0,1,0,0,0,0
13,ESHER STREET,KENNINGTON,-0.693147181,0,,0,0,0,-1,0,0,0,0,0,0,0,0,0,0,0,0,1,0,0,0
8,BANBURY ROAD,HACKNEY,-0.371563556,0,0,0,0,0,-1,0,0,0,0,0,0,0,0,0,0,0,0,1,0,0,0
86,FERRIER STREET,WANDSWORTH,-0.133531393,0.143100844,,0,0,0,-1,0,0,0,0,0,0,0,0,0,0,0,0,1,0,0,0
150,PORTOBELLO ROAD,NOTTING HILL,-0.242561637,0,0,0,0,0,-1,0,0,0,0,0,0,0,0,0,0,0,0,0,1,0,0
48,SPENCER ROAD,STOKE NEWINGTON,-0.559615788,-0.188383851,0,0,0,0,-1,0,0,0,0,0,0,0,0,0,0,0,0,0,1,0,0
49,ARTESIAN ROAD,BAYSWATER,-0.352821375,-0.054067221,0,0,0,0,-1,0,0,0,0,0,0,0,0,0,0,0,0,0,1,0,0
56,MILE END ROAD,MILE END,-0.470003629,-0.223143551,0,0,0,0,-1,0,0,0,0,0,0,0,0,0,0,0,0,0,1,0,0
57,TRUMPINGTON ROAD,FOREST GATE,-0.645137961,0,0,0,0,0,-1,0,0,0,0,0,0,0,0,0,0,0,0,0,1,0,0
9,ALFRED PLACE,HAGGERSTON,-2.233592222,-0.438254931,,0,0,0,-1,0,0,0,0,0,0,0,0,0,0,0,0,0,1,0,0
17,COTTON STREET,POPLAR,-0.120144312,-0.055350095,,0,0,0,-1,0,0,0,0,0,0,0,0,0,0,0,0,0,0,1,0
31,POND STREET,HAMPSTEAD,-0.151549898,0.068992872,,0,0,0,-1,0,0,0,0,0,0,0,0,0,0,0,0,0,0,1,0
97,CARLTON ROAD,MILE END,-1.178654996,0.287682073,0,0,0,0,-1,0,0,0,0,0,0,0,0,0,0,0,0,0,0,1,0
14,KING STREET,MARYLEBONE,-0.300104592,,,0,0,0,-1,0,0,0,0,0,0,0,0,0,0,0,0,0,0,0,1
26,CRYSTAL PALACE PARK ROAD,SYDENHAM,-1.648658626,,0,0,0,0,-1,0,0,0,0,0,0,0,0,0,0,0,0,0,0,0,1
3,MEDHURST ROAD,BETHNAL GREEN,-0.530628251,0,0,0,0,0,-1,0,0,0,0,0,0,0,0,0,0,0,0,0,0,0,1
34,OXFORD ROAD,PUTNEY,1.455287233,-0.262364264,0,0,0,0,-1,0,0,0,0,0,0,0,0,0,0,0,0,0,0,0,1
62,SOUTH HILL PARK,HAMPSTEAD,-0.365799852,,,0,0,0,-1,0,0,0,0,0,0,0,0,0,0,0,0,0,0,0,1
11,GROVE PASSAGE,HACKNEY,1.036091932,-0.649344558,,0,0,0,0,-1,1,0,0,0,0,0,0,0,0,0,0,0,0,0,0
118,ACRE LANE,BRIXTON,0,0,0,0,0,0,0,-1,1,0,0,0,0,0,0,0,0,0,0,0,0,0,0
119,SEYMOUR PLACE,MARYLEBONE,-0.313657559,0,0,0,0,0,0,-1,1,0,0,0,0,0,0,0,0,0,0,0,0,0,0
18,OSBALDESTON ROAD,STOKE NEWINGTON,0.070204259,0.105360516,0,0,0,0,0,-1,1,0,0,0,0,0,0,0,0,0,0,0,0,0,0
233,QUEEN'S ROAD,DALSTON,0.064538521,0.105360516,,0,0,0,0,-1,1,0,0,0,0,0,0,0,0,0,0,0,0,0,0
25,SOMERFIELD ROAD,FINSBURY PARK,-0.048790164,0,0,0,0,0,0,-1,1,0,0,0,0,0,0,0,0,0,0,0,0,0,0
35,SUTTON STREET,LAMBETH,-0.30830136,0,0,0,0,0,0,-1,1,0,0,0,0,0,0,0,0,0,0,0,0,0,0
58,LANGDON ROAD,HOLLOWAY,0.194156014,0,0,0,0,0,0,-1,1,0,0,0,0,0,0,0,0,0,0,0,0,0,0
73,PULFORD STREET,PIMLICO,0.345361184,,0,0,0,0,0,-1,1,0,0,0,0,0,0,0,0,0,0,0,0,0,0
73,PULFORD STREET,PIMLICO,0.205599242,,0,0,0,0,0,-1,1,0,0,0,0,0,0,0,0,0,0,0,0,0,0
81,SANDMERE ROAD,CLAPHAM,0.113328685,0.028170877,0,0,0,0,0,-1,1,0,0,0,0,0,0,0,0,0,0,0,0,0,0
84,DAMES ROAD,FOREST GATE,0.059719235,,,0,0,0,0,-1,1,0,0,0,0,0,0,0,0,0,0,0,0,0,0
93,FOREST ROAD,DALSTON,0.148845628,0.068992872,0,0,0,0,0,-1,1,0,0,0,0,0,0,0,0,0,0,0,0,0,0
11,WELLS STREET,GRAY'S INN ROAD,-0.340604474,-1.704748092,0,0,0,0,0,-1,0,1,0,0,0,0,0,0,0,0,0,0,0,0,0
147,SOUTHGATE ROAD,DE BEAUVOIR TOWN,-0.011834458,0,0,0,0,0,0,-1,0,1,0,0,0,0,0,0,0,0,0,0,0,0,0
4,HEATH STREET,STEPNEY,0.152191815,,,0,0,0,0,-1,0,1,0,0,0,0,0,0,0,0,0,0,0,0,0
56,COTTON STREET,POPLAR,0.074901308,,,0,0,0,0,-1,0,1,0,0,0,0,0,0,0,0,0,0,0,0,0
58,GOLD STREET,STEPNEY,0,,,0,0,0,0,-1,0,1,0,0,0,0,0,0,0,0,0,0,0,0,0
62,FURLEY STREET,PECKHAM,0.218689201,0.15415068,0,0,0,0,0,-1,0,1,0,0,0,0,0,0,0,0,0,0,0,0,0
89,BOLLO BRIDGE ROAD,ACTON,-0.25489225,,0,0,0,0,0,-1,0,1,0,0,0,0,0,0,0,0,0,0,0,0,0
1,LUBECK STREET,BATTERSEA,0.198450939,0.074107972,0,0,0,0,0,-1,0,0,1,0,0,0,0,0,0,0,0,0,0,0,0
11,BARRINGTON ROAD,BRIXTON,-0.184571277,0.182321557,0,0,0,0,0,-1,0,0,1,0,0,0,0,0,0,0,0,0,0,0,0
14,KENNINGTON PARK ROAD,KENNINGTON,0.478035801,0,,0,0,0,0,-1,0,0,1,0,0,0,0,0,0,0,0,0,0,0,0
24,SOUTHEY ROAD,WIMBLEDON,0.056089467,0,,0,0,0,0,-1,0,0,1,0,0,0,0,0,0,0,0,0,0,0,0
28,LINDORE ROAD,BATTERSEA,-0.146603474,0.356674944,0,0,0,0,0,-1,0,0,1,0,0,0,0,0,0,0,0,0,0,0,0
33,WINSTANLEY ROAD,BATTERSEA,0.072320662,0,0,0,0,0,0,-1,0,0,1,0,0,0,0,0,0,0,0,0,0,0,0
35,LORN ROAD,BRIXTON,0.258861634,,0,0,0,0,0,-1,0,0,1,0,0,0,0,0,0,0,0,0,0,0,0
36,LEIGHAM VALE,STREATHAM,-0.200670695,0.117783036,0,0,0,0,0,-1,0,0,1,0,0,0,0,0,0,0,0,0,0,0,0
41,PROSPECT HILL,WALTHAMSTOW,0.277631737,,0,0,0,0,0,-1,0,0,1,0,0,0,0,0,0,0,0,0,0,0,0
48,VICTORIA ROAD,CLAPHAM,0.068992872,,0,0,0,0,0,-1,0,0,1,0,0,0,0,0,0,0,0,0,0,0,0
5,WARWICK SQUARE,PIMLICO,0.114603383,0,0,0,0,0,0,-1,0,0,1,0,0,0,0,0,0,0,0,0,0,0,0
59,PARK STREET,STOKE NEWINGTON,0.284104251,0.111225635,0,0,0,0,0,-1,0,0,1,0,0,0,0,0,0,0,0,0,0,0,0
9,ALEXANDRA GROVE,FINCHLEY,-0.202940844,0.080042708,,0,0,0,0,-1,0,0,1,0,0,0,0,0,0,0,0,0,0,0,0
10,ALEXANDRA ROAD,FINSBURY PARK,0.033152207,,0,0,0,0,0,-1,0,0,0,1,0,0,0,0,0,0,0,0,0,0,0
12,PATIENCE ROAD,BATTERSEA,0.214409871,0,0,0,0,0,0,-1,0,0,0,1,0,0,0,0,0,0,0,0,0,0,0
14,FIELDING ROAD,KENSINGTON,0.459532329,0.200670696,0,0,0,0,0,-1,0,0,0,1,0,0,0,0,0,0,0,0,0,0,0
15,GROSVENOR ROAD,CANONBURY,0.106380404,0.09531018,0,0,0,0,0,-1,0,0,0,1,0,0,0,0,0,0,0,0,0,0,0
17,SEVERUS ROAD,BATTERSEA,0.051293294,,0,0,0,0,0,-1,0,0,0,1,0,0,0,0,0,0,0,0,0,0,0
234,LADBROKE GROVE,NOTTING HILL,0.174353387,0.644357016,0,0,0,0,0,-1,0,0,0,1,0,0,0,0,0,0,0,0,0,0,0
288,UXBRIDGE ROAD,EALING,0.693147181,0.182321557,0,0,0,0,0,-1,0,0,0,1,0,0,0,0,0,0,0,0,0,0,0
3,HIGHBURY NEW PARK,HIGHBURY,0.252702354,,0,0,0,0,0,-1,0,0,0,1,0,0,0,0,0,0,0,0,0,0,0
3,MILLWOOD STREET,KENSINGTON,-0.018018506,-0.027398974,0,0,0,0,0,-1,0,0,0,1,0,0,0,0,0,0,0,0,0,0,0
325,LADBROKE GROVE,NOTTING HILL,0.344840486,0.750067471,0,0,0,0,0,-1,0,0,0,1,0,0,0,0,0,0,0,0,0,0,0
60,FULLERTON ROAD,WANDSWORTH,-0.024692613,0.41078427,,0,0,0,0,-1,0,0,0,1,0,0,0,0,0,0,0,0,0,0,0
67,ST. AGNES PLACE,KENNINGTON,-0.073203404,0,0,0,0,0,0,-1,0,0,0,1,0,0,0,0,0,0,0,0,0,0,0
13,ASHBY ROAD,CANONBURY,-0.192903666,0.182321557,0,0,0,0,0,-1,0,0,0,0,1,0,0,0,0,0,0,0,0,0,0
13,BLOMFIELD ROAD,MAIDA VALE,0.678441033,,0,0,0,0,0,-1,0,0,0,0,1,0,0,0,0,0,0,0,0,0,0
37,GLOUCESTER ROAD,FINSBURY PARK,0.137021798,,0,0,0,0,0,-1,0,0,0,0,1,0,0,0,0,0,0,0,0,0,0
44,PULROSS ROAD,BRIXTON,0.068992872,0.262364265,0,0,0,0,0,-1,0,0,0,0,1,0,0,0,0,0,0,0,0,0,0
64,CASTLE ROAD,KENTISH TOWN,-0.028987537,0,0,0,0,0,0,-1,0,0,0,0,1,0,0,0,0,0,0,0,0,0,0
2,HYNDMAN STREET,OLD KENT ROAD,-0.051293294,0.117783036,0,0,0,0,0,-1,0,0,0,0,0,1,0,0,0,0,0,0,0,0,0
24,CANONBURY SQUARE,CANONBURY,0.342944751,0.287682073,0,0,0,0,0,-1,0,0,0,0,0,1,0,0,0,0,0,0,0,0,0
28,KELLETT ROAD,BRIXTON,-0.133531393,0,0,0,0,0,0,-1,0,0,0,0,0,1,0,0,0,0,0,0,0,0,0
28,KELLETT ROAD,BRIXTON,0.067139303,,0,0,0,0,0,-1,0,0,0,0,0,1,0,0,0,0,0,0,0,0,0
30,CLARENDON STREET,CAMBERWELL,0,0.169899037,0,0,0,0,0,-1,0,0,0,0,0,1,0,0,0,0,0,0,0,0,0
41,BOLSOVER STREET,MARYLEBONE,-0.395895657,0,,0,0,0,0,-1,0,0,0,0,0,1,0,0,0,0,0,0,0,0,0
42,GLOUCESTER STREET,PIMLICO,-0.297251523,0,0,0,0,0,0,-1,0,0,0,0,0,1,0,0,0,0,0,0,0,0,0
45,MARTIN STREET,STRATFORD,0.756862995,0.182321557,,0,0,0,0,-1,0,0,0,0,0,1,0,0,0,0,0,0,0,0,0
51,LANSDOWNE ROAD,NOTTING HILL,-0.061557893,-0.064538521,0,0,0,0,0,-1,0,0,0,0,0,1,0,0,0,0,0,0,0,0,0
608,HIGH ROAD,LEYTONSTONE,-0.15415068,0,,0,0,0,0,-1,0,0,0,0,0,1,0,0,0,0,0,0,0,0,0
8,LEOPOLD STREET,VAUXHALL,0.344840486,,0,0,0,0,0,-1,0,0,0,0,0,1,0,0,0,0,0,0,0,0,0
12,WELLS STREET,GRAY'S INN ROAD,0.038221213,0.090971778,0,0,0,0,0,-1,0,0,0,0,0,0,1,0,0,0,0,0,0,0,0
26,PEMBURY ROAD,CLAPTON,-0.291520849,,,0,0,0,0,-1,0,0,0,0,0,0,1,0,0,0,0,0,0,0,0
29,YORK TERRACE,REGENT'S PARK,-0.223143551,0.089231134,0,0,0,0,0,-1,0,0,0,0,0,0,1,0,0,0,0,0,0,0,0
36,LEIGHAM VALE,STREATHAM,-0.046520016,0.171850257,0,0,0,0,0,-1,0,0,0,0,0,0,1,0,0,0,0,0,0,0,0
37,CUMBERLAND STREET,PIMLICO,-0.247562079,,0,0,0,0,0,-1,0,0,0,0,0,0,1,0,0,0,0,0,0,0,0
40,HIGH STREET,POPLAR,-0.304211374,0.223143551,,0,0,0,0,-1,0,0,0,0,0,0,1,0,0,0,0,0,0,0,0
1,NORTHWAY ROAD,CAMBERWELL,-0.196710294,,0,0,0,0,0,-1,0,0,0,0,0,0,0,1,0,0,0,0,0,0,0
10,HIGHBURY NEW PARK,HIGHBURY,-0.646627165,,0,0,0,0,0,-1,0,0,0,0,0,0,0,1,0,0,0,0,0,0,0
10,STANNARD ROAD,DALSTON,-0.144581229,2.014903021,,0,0,0,0,-1,0,0,0,0,0,0,0,1,0,0,0,0,0,0,0
119,MALMESBURY ROAD,BOW,-0.373204246,0.068992872,0,0,0,0,0,-1,0,0,0,0,0,0,0,1,0,0,0,0,0,0,0
12,BOLTON ROAD,ST. JOHN'S WOOD,-0.158224005,,0,0,0,0,0,-1,0,0,0,0,0,0,0,1,0,0,0,0,0,0,0
230,FORT ROAD,BERMONDSEY,-0.127833372,0,0,0,0,0,0,-1,0,0,0,0,0,0,0,1,0,0,0,0,0,0,0
16,CLEVELAND STREET,MARYLEBONE,1.084626047,0.200670696,,0,0,0,0,-1,0,0,0,0,0,0,0,0,1,0,0,0,0,0,0
9,CORNWALL STREET,PIMLICO,-0.202940844,,0,0,0,0,0,-1,0,0,0,0,0,0,0,0,1,0,0,0,0,0,0
13,ENID STREET,BERMONDSEY,-1.412727618,0.080042708,0,0,0,0,0,-1,0,0,0,0,0,0,0,0,0,1,0,0,0,0,0
23,ROYAL STREET,LAMBETH,-0.553385238,0.024692613,0,0,0,0,0,-1,0,0,0,0,0,0,0,0,0,1,0,0,0,0,0
67,HIGHBURY NEW PARK,HIGHBURY,-0.396415273,,0,0,0,0,0,-1,0,0,0,0,0,0,0,0,0,1,0,0,0,0,0
198,MARE STREET,HACKNEY,-0.114410351,1.234224848,,0,0,0,0,-1,0,0,0,0,0,0,0,0,0,0,1,0,0,0,0
29,SEVERUS ROAD,BATTERSEA,-0.693147181,0.374842248,0,0,0,0,0,-1,0,0,0,0,0,0,0,0,0,0,1,0,0,0,0
24,CHESILTON ROAD,FULHAM,-0.173663494,0.051293294,0,0,0,0,0,-1,0,0,0,0,0,0,0,0,0,0,0,1,0,0,0
29,ST. PAUL'S ROAD,CANONBURY,-0.803148076,-0.200670695,0,0,0,0,0,-1,0,0,0,0,0,0,0,0,0,0,0,1,0,0,0
57,ST. PETER'S STREET,ISLINGTON,-0.810930216,0,0,0,0,0,0,-1,0,0,0,0,0,0,0,0,0,0,0,1,0,0,0
77,HIGHBURY QUADRANT,HIGHBURY,-0.68117099,,0,0,0,0,0,-1,0,0,0,0,0,0,0,0,0,0,0,1,0,0,0
79,SYDNEY ROAD,HORNSEY,-0.489548225,0,0,0,0,0,0,-1,0,0,0,0,0,0,0,0,0,0,0,1,0,0,0
15,SANDALL ROAD,CAMDEN TOWN,-0.514455392,0,0,0,0,0,0,-1,0,0,0,0,0,0,0,0,0,0,0,0,1,0,0
181,WARDOUR STREET,SOHO,,0,,0,0,0,0,-1,0,0,0,0,0,0,0,0,0,0,0,0,1,0,0
19,QUEEN'S TERRACE,ST. JOHN'S WOOD,-1.466337069,0.254642218,0,0,0,0,0,-1,0,0,0,0,0,0,0,0,0,0,0,0,1,0,0
348,KENNINGTON ROAD,KENNINGTON,-0.814508038,-0.287682072,,0,0,0,0,-1,0,0,0,0,0,0,0,0,0,0,0,0,1,0,0
2,ROSMEAD ROAD,NOTTING HILL,-0.276986783,0.09531018,0,0,0,0,0,-1,0,0,0,0,0,0,0,0,0,0,0,0,0,1,0
5,RICARDO STREET,POPLAR,-1.252762968,0.15415068,0,0,0,0,0,-1,0,0,0,0,0,0,0,0,0,0,0,0,0,1,0
42,GLOUCESTER STREET,PIMLICO,-1.252762968,-0.207639365,0,0,0,0,0,-1,0,0,0,0,0,0,0,0,0,0,0,0,0,0,1
7,BALMER ROAD,BOW,-0.669049629,0,0,0,0,0,0,-1,0,0,0,0,0,0,0,0,0,0,0,0,0,0,1
11,CESTER STREET,HAGGERSTON,-0.230523659,,0,0,0,0,0,0,-1,1,0,0,0,0,0,0,0,0,0,0,0,0,0
148,TURNER'S ROAD,BOW,0.044451763,0,0,0,0,0,0,0,-1,1,0,0,0,0,0,0,0,0,0,0,0,0,0
178,KENTISH TOWN ROAD,KENTISH TOWN,0,0,0,0,0,0,0,0,-1,1,0,0,0,0,0,0,0,0,0,0,0,0,0
19,HASSARD STREET,HACKNEY,-0.123613956,,,0,0,0,0,0,-1,1,0,0,0,0,0,0,0,0,0,0,0,0,0
22,KILBURN SQUARE,KILBURN,0.023530497,0,0,0,0,0,0,0,-1,1,0,0,0,0,0,0,0,0,0,0,0,0,0
25,CAUTLEY AVENUE,CLAPHAM,0.254642218,0.182321557,0,0,0,0,0,0,-1,1,0,0,0,0,0,0,0,0,0,0,0,0,0
25,LILLINGTON STREET,PIMLICO,0.259957524,,0,0,0,0,0,0,-1,1,0,0,0,0,0,0,0,0,0,0,0,0,0
37,WARRINGTON CRESCENT,MAIDA VALE,,0.174353387,,0,0,0,0,0,-1,1,0,0,0,0,0,0,0,0,0,0,0,0,0
7,ST. PAUL'S CRESCENT,CAMDEN TOWN,-0.167054085,0,0,0,0,0,0,0,-1,1,0,0,0,0,0,0,0,0,0,0,0,0,0
70,WILLESDEN LANE,KILBURN,0.236388778,,0,0,0,0,0,0,-1,1,0,0,0,0,0,0,0,0,0,0,0,0,0
72,NEW NORTH ROAD,HOXTON,-0.088553397,0.060624622,,0,0,0,0,0,-1,1,0,0,0,0,0,0,0,0,0,0,0,0,0
8,THE TRIANGLE,NORTH KENSINGTON,-0.027651531,0.223143551,0,0,0,0,0,0,-1,1,0,0,0,0,0,0,0,0,0,0,0,0,0
80,MALMESBURY ROAD,BOW,0.098440073,,0,0,0,0,0,0,-1,1,0,0,0,0,0,0,0,0,0,0,0,0,0
108,SEYMOUR ROAD,HARRINGAY,0.113328685,0.048790164,0,0,0,0,0,0,-1,0,1,0,0,0,0,0,0,0,0,0,0,0,0
18,NIGHTINGALE SQUARE,BALHAM,0.146603474,0,0,0,0,0,0,0,-1,0,1,0,0,0,0,0,0,0,0,0,0,0,0
38,GROVE ROAD,HOLLOWAY,0.116072171,0,0,0,0,0,0,0,-1,0,1,0,0,0,0,0,0,0,0,0,0,0,0
4,TYSOE STREET,CLERKENWELL,-1.16760516,-0.262364264,,0,0,0,0,0,-1,0,1,0,0,0,0,0,0,0,0,0,0,0,0
43,BRENTON STREET,LIMEHOUSE,0,,0,0,0,0,0,0,-1,0,1,0,0,0,0,0,0,0,0,0,0,0,0
5,NICHOLAS STREET,MILE END,0.015504187,0,-1.049822124,0,0,0,0,0,-1,0,1,0,0,0,0,0,0,0,0,0,0,0,0
20,LONDON STREET,GREENWICH,0.679416988,0.659245629,,0,0,0,0,0,-1,0,0,1,0,0,0,0,0,0,0,0,0,0,0
27,TUNLEY ROAD,BALHAM,0.138150339,-0.149035579,0,0,0,0,0,0,-1,0,0,1,0,0,0,0,0,0,0,0,0,0,0
28,ELLIOTT ROAD,BRIXTON,0.405465108,0.340926587,0.405465108,0,0,0,0,0,-1,0,0,1,0,0,0,0,0,0,0,0,0,0,0
113,LUPUS STREET,PIMLICO,-0.021978907,0,0,0,0,0,0,0,-1,0,0,0,1,0,0,0,0,0,0,0,0,0,0
18,DALMENY ROAD,HOLLOWAY,-0.228009741,,0,0,0,0,0,0,-1,0,0,0,1,0,0,0,0,0,0,0,0,0,0
28,PARK ROAD,DULWICH,-0.186585956,-0.105360516,0,0,0,0,0,0,-1,0,0,0,1,0,0,0,0,0,0,0,0,0,0
3,HILLSBORO' ROAD,DULWICH,0.125163143,0.046520016,0,0,0,0,0,0,-1,0,0,0,1,0,0,0,0,0,0,0,0,0,0
34,FREELING STREET,CALEDONIAN ROAD,0.063178902,0.262364265,0,0,0,0,0,0,-1,0,0,0,1,0,0,0,0,0,0,0,0,0,0
35,HAWKSLEY ROAD,STOKE NEWINGTON,0.107630664,,-0.048790164,0,0,0,0,0,-1,0,0,0,1,0,0,0,0,0,0,0,0,0,0
445,HIGH ROAD,CHISWICK,0.054658413,0.09531018,0,0,0,0,0,0,-1,0,0,0,1,0,0,0,0,0,0,0,0,0,0
58,HUDDLESTON ROAD,HOLLOWAY,-0.131028262,,0,0,0,0,0,0,-1,0,0,0,1,0,0,0,0,0,0,0,0,0,0
61,SPEKE ROAD,BATTERSEA,-0.103184236,,0,0,0,0,0,0,-1,0,0,0,1,0,0,0,0,0,0,0,0,0,0
74,NIGHTINGALE ROAD,CLAPTON,-0.047067511,,,0,0,0,0,0,-1,0,0,0,1,0,0,0,0,0,0,0,0,0,0
88,WILBERFORCE ROAD,FINSBURY PARK,-0.075711822,,0,0,0,0,0,0,-1,0,0,0,1,0,0,0,0,0,0,0,0,0,0
15,RUST SQUARE,CAMBERWELL,0,,0,0,0,0,0,0,-1,0,0,0,0,1,0,0,0,0,0,0,0,0,0
18,HORSMAN STREET,CAMBERWELL,0.09531018,,,0,0,0,0,0,-1,0,0,0,0,1,0,0,0,0,0,0,0,0,0
37,NEW STREET,ST. JOHN'S WOOD,-0.194156014,0,0,0,0,0,0,0,-1,0,0,0,0,1,0,0,0,0,0,0,0,0,0
43,DAWLISH STREET,WANDSWORTH,-0.125163143,,0,0,0,0,0,0,-1,0,0,0,0,1,0,0,0,0,0,0,0,0,0
64,WARWICK STREET,PIMLICO,-0.143706721,0.15415068,0,0,0,0,0,0,-1,0,0,0,0,1,0,0,0,0,0,0,0,0,0
80,MALMESBURY ROAD,BOW,-0.053109825,0.297455584,0,0,0,0,0,0,-1,0,0,0,0,1,0,0,0,0,0,0,0,0,0
23,TWYFORD STREET,CALEDONIAN ROAD,-0.84218276,0.21107097,0,0,0,0,0,0,-1,0,0,0,0,0,1,0,0,0,0,0,0,0,0
4,BARFORTH ROAD,PECKHAM,-0.125163143,0,0,0,0,0,0,0,-1,0,0,0,0,0,1,0,0,0,0,0,0,0,0
83,GLENEAGLE ROAD,STREATHAM,-0.136575535,-0.023065273,0,0,0,0,0,0,-1,0,0,0,0,0,1,0,0,0,0,0,0,0,0
14,TRINITY SQUARE,BRIXTON,-0.760588461,-0.09402895,0,0,0,0,0,0,-1,0,0,0,0,0,0,1,0,0,0,0,0,0,0
215,HIGH STREET,STOKE NEWINGTON,-0.304660409,0,0,0,0,0,0,0,-1,0,0,0,0,0,0,1,0,0,0,0,0,0,0
24,ALEXANDRA ROAD,NORWOOD,-0.940007258,0,0,0,0,0,0,0,-1,0,0,0,0,0,0,1,0,0,0,0,0,0,0
36,WOOD VALE,DULWICH,-0.113328685,0,0,0,0,0,0,0,-1,0,0,0,0,0,0,1,0,0,0,0,0,0,0
84,WESTBOURNE TERRACE,HYDE PARK,,-2.283805198,0,0,0,0,0,0,-1,0,0,0,0,0,0,1,0,0,0,0,0,0,0
19,HASSARD STREET,HACKNEY,-0.264692554,,,0,0,0,0,0,-1,0,0,0,0,0,0,0,1,0,0,0,0,0,0
42,SOUTHWARK PARK ROAD,BERMONDSEY,-0.167054085,,0,0,0,0,0,0,-1,0,0,0,0,0,0,0,1,0,0,0,0,0,0
78,BENTHAM ROAD,HACKNEY,-0.332133835,,0,0,0,0,0,0,-1,0,0,0,0,0,0,0,1,0,0,0,0,0,0
80,MALMESBURY ROAD,BOW,-0.594707108,0.262364265,0,0,0,0,0,0,-1,0,0,0,0,0,0,0,0,1,0,0,0,0,0
12,GROVE ROAD,BRIXTON,-0.810930216,0.039220713,0,0,0,0,0,0,-1,0,0,0,0,0,0,0,0,0,1,0,0,0,0
132,ST. STEPHEN'S ROAD,OLD FORD,-0.44895022,,,0,0,0,0,0,-1,0,0,0,0,0,0,0,0,0,1,0,0,0,0
398,MILE END ROAD,MILE END,,-0.287682072,,0,0,0,0,0,-1,0,0,0,0,0,0,0,0,0,1,0,0,0,0
4,MOORFIELDS,CITY,0.976582962,-1.043262194,,0,0,0,0,0,-1,0,0,0,0,0,0,0,0,0,1,0,0,0,0
44,CORNWALL STREET,SHADWELL,-1.560647748,,0,0,0,0,0,0,-1,0,0,0,0,0,0,0,0,0,1,0,0,0,0
1,MYDDLETON ROAD,HORNSEY,-0.641853886,0.37569295,,0,0,0,0,0,-1,0,0,0,0,0,0,0,0,0,0,1,0,0,0
13,HIGH STREET,DEPTFORD,,0,,0,0,0,0,0,-1,0,0,0,0,0,0,0,0,0,0,1,0,0,0
19,RAEBURN STREET,BRIXTON,-0.519300251,-0.182321557,0,0,0,0,0,0,-1,0,0,0,0,0,0,0,0,0,0,1,0,0,0
236,GLOUCESTER TERRACE,HYDE PARK,,-0.356674944,0,0,0,0,0,0,-1,0,0,0,0,0,0,0,0,0,0,1,0,0,0
252,GLOBE ROAD,BETHNAL GREEN,-0.7282385,0.039220713,,0,0,0,0,0,-1,0,0,0,0,0,0,0,0,0,0,1,0,0,0
34,SPRINGFIELD ROAD,TOTTENHAM,0.133531393,,,0,0,0,0,0,-1,0,0,0,0,0,0,0,0,0,0,1,0,0,0
36,OXFORD ROAD,ISLINGTON,-0.252996514,0,0,0,0,0,0,0,-1,0,0,0,0,0,0,0,0,0,0,1,0,0,0
37,WILTON ROAD,DALSTON,-0.335816714,-0.328504067,0,0,0,0,0,0,-1,0,0,0,0,0,0,0,0,0,0,1,0,0,0
2,SOUTH GROVE,HIGHGATE,-0.423814247,0.313657559,,0,0,0,0,0,-1,0,0,0,0,0,0,0,0,0,0,0,1,0,0
21,DEVONS ROAD,BROMLEY-BY-BOW,-0.231111721,0.405465108,,0,0,0,0,0,-1,0,0,0,0,0,0,0,0,0,0,0,1,0,0
74,PARKHURST ROAD,HOLLOWAY,-1.223775432,0.223143551,0,0,0,0,0,0,-1,0,0,0,0,0,0,0,0,0,0,0,0,1,0
74,PARKHURST ROAD,HOLLOWAY,-1.30833282,0.143100844,0,0,0,0,0,0,-1,0,0,0,0,0,0,0,0,0,0,0,0,1,0
145,WEST GREEN ROAD,TOTTENHAM,-1.673976434,-0.16907633,0,0,0,0,0,0,-1,0,0,0,0,0,0,0,0,0,0,0,0,0,1
5,WINCHESTER STREET,BETHNAL GREEN,-0.667829373,,,0,0,0,0,0,-1,0,0,0,0,0,0,0,0,0,0,0,0,0,1
115,RAMSDEN ROAD,BALHAM,0.267062785,0,0,0,0,0,0,0,0,-1,1,0,0,0,0,0,0,0,0,0,0,0,0
15,TOOK'S COURT,CHANCERY LANE,0.105360516,,,0,0,0,0,0,0,-1,1,0,0,0,0,0,0,0,0,0,0,0,0
198,ENNERSDALE ROAD,LEWISHAM,0.262364265,,0,0,0,0,0,0,0,-1,1,0,0,0,0,0,0,0,0,0,0,0,0
26,TOTTENHAM STREET,TOTTENHAM COURT ROAD,0.516047568,-0.11576079,,0,0,0,0,0,0,-1,1,0,0,0,0,0,0,0,0,0,0,0,0
267,NORWOOD ROAD,HERNE HILL,0.065139302,-0.046520016,0,0,0,0,0,0,0,-1,1,0,0,0,0,0,0,0,0,0,0,0,0
27,WERRINGTON STREET,ST. PANCRAS,0.09531018,0.511260312,0,0,0,0,0,0,0,-1,1,0,0,0,0,0,0,0,0,0,0,0,0
28,GROVE ROAD,BRIXTON,0.029852963,,0,0,0,0,0,0,0,-1,1,0,0,0,0,0,0,0,0,0,0,0,0
37,FOURNIER STREET,SPITALFIELDS,-0.042559614,0,,0,0,0,0,0,0,-1,1,0,0,0,0,0,0,0,0,0,0,0,0
47,ABBEY STREET,BERMONDSEY,0,,,0,0,0,0,0,0,-1,1,0,0,0,0,0,0,0,0,0,0,0,0
65,PARKHURST ROAD,HOLLOWAY,0.368907512,0.067139303,0,0,0,0,0,0,0,-1,1,0,0,0,0,0,0,0,0,0,0,0,0
7,LOWER DOWNS ROAD,WIMBLEDON,0.062520357,,0,0,0,0,0,0,0,-1,1,0,0,0,0,0,0,0,0,0,0,0,0
8,STRATHRAY GARDENS,HAMPSTEAD,0.032789823,,0,0,0,0,0,0,0,-1,1,0,0,0,0,0,0,0,0,0,0,0,0
9,GLOUCESTER ROAD,EDMONTON,0.017094433,,,0,0,0,0,0,0,-1,1,0,0,0,0,0,0,0,0,0,0,0,0
96,REGINA ROAD,STROUD GREEN,-0.42199441,0,0,0,0,0,0,0,0,-1,1,0,0,0,0,0,0,0,0,0,0,0,0
12,BOX STREET,BROMLEY-BY-BOW,2.245426679,0.326902786,0,0,0,0,0,0,0,-1,0,1,0,0,0,0,0,0,0,0,0,0,0
184,LORDSHIP ROAD,STOKE NEWINGTON,-0.15415068,,0,0,0,0,0,0,0,-1,0,1,0,0,0,0,0,0,0,0,0,0,0
20,ALBERT STREET,REGENT'S PARK,0.040546094,,0,0,0,0,0,0,0,-1,0,1,0,0,0,0,0,0,0,0,0,0,0
22,FOURNIER STREET,SPITALFIELDS,0.310154928,,,0,0,0,0,0,0,-1,0,1,0,0,0,0,0,0,0,0,0,0,0
22,KING STREET,HAMMERSMITH,-1.284015512,,,0,0,0,0,0,0,-1,0,1,0,0,0,0,0,0,0,0,0,0,0
3,LANVANOR ROAD,PECKHAM,-0.051293294,,0,0,0,0,0,0,0,-1,0,1,0,0,0,0,0,0,0,0,0,0,0
52,MORRIS AVENUE,MANOR PARK,-0.188052232,,,0,0,0,0,0,0,-1,0,1,0,0,0,0,0,0,0,0,0,0,0
53,HENSLOWE ROAD,DULWICH,0.175204089,0,0,0,0,0,0,0,0,-1,0,1,0,0,0,0,0,0,0,0,0,0,0
6,PORTLAND ROAD,FINSBURY PARK,-0.173953307,0,0,0,0,0,0,0,0,-1,0,1,0,0,0,0,0,0,0,0,0,0,0
66,ISLEDON ROAD,HOLLOWAY,0.073203404,,0,0,0,0,0,0,0,-1,0,1,0,0,0,0,0,0,0,0,0,0,0
11,TAVISTOCK TERRACE,HOLLOWAY,0,-0.870828358,0,0,0,0,0,0,0,-1,0,0,1,0,0,0,0,0,0,0,0,0,0
128,JERMYN STREET,PICCADILLY,-0.102857385,0,,0,0,0,0,0,0,-1,0,0,1,0,0,0,0,0,0,0,0,0,0
15,WILTON STREET,BELGRAVIA,1.289667525,,,0,0,0,0,0,0,-1,0,0,1,0,0,0,0,0,0,0,0,0,0
151,WARHAM STREET,KENNINGTON,-0.022728251,,,0,0,0,0,0,0,-1,0,0,1,0,0,0,0,0,0,0,0,0,0
2,EMILY STREET,CANNING TOWN,-0.335260849,,,0,0,0,0,0,0,-1,0,0,1,0,0,0,0,0,0,0,0,0,0
26,MESSINA AVENUE,KILBURN,-0.051825068,,0,0,0,0,0,0,0,-1,0,0,1,0,0,0,0,0,0,0,0,0,0
95,BARNSBURY STREET,ISLINGTON,0.775385279,0,0,0,0,0,0,0,0,-1,0,0,1,0,0,0,0,0,0,0,0,0,0
159,CORNWALL ROAD,NOTTING HILL,0.105360516,0.21980465,0,0,0,0,0,0,0,-1,0,0,0,1,0,0,0,0,0,0,0,0,0
1a,MURRAY STREET,CAMDEN TOWN,-0.041385216,-0.080042708,0,0,0,0,0,0,0,-1,0,0,0,1,0,0,0,0,0,0,0,0,0
22,MELVILLE ROAD,WALTHAMSTOW,0,0.262364265,-0.182321557,0,0,0,0,0,0,-1,0,0,0,1,0,0,0,0,0,0,0,0,0
23,WOODBINE GROVE,PENGE,0.063513406,0.429418349,,0,0,0,0,0,0,-1,0,0,0,1,0,0,0,0,0,0,0,0,0
31,THEBERTON STREET,ISLINGTON,-0.369360103,0,0,0,0,0,0,0,0,-1,0,0,0,1,0,0,0,0,0,0,0,0,0
4,PALMER STREET,SPITALFIELDS,0.182321557,,,0,0,0,0,0,0,-1,0,0,0,1,0,0,0,0,0,0,0,0,0
45,EVELINA ROAD,PECKHAM,-0.127833372,,0,0,0,0,0,0,0,-1,0,0,0,1,0,0,0,0,0,0,0,0,0
5,ALFRED STREET,CITY ROAD,-0.138150338,0.048790164,0,0,0,0,0,0,0,-1,0,0,0,1,0,0,0,0,0,0,0,0,0
51,RHYL STREET,KENTISH TOWN,0.194156014,0.287682073,0,0,0,0,0,0,0,-1,0,0,0,1,0,0,0,0,0,0,0,0,0
61,CROMWELL ROAD,HOLLOWAY,-0.312374685,0.134530893,0,0,0,0,0,0,0,-1,0,0,0,1,0,0,0,0,0,0,0,0,0
80,MALMESBURY ROAD,BOW,-0.151549898,,0,0,0,0,0,0,0,-1,0,0,0,1,0,0,0,0,0,0,0,0,0
12,DANE PLACE,OLD FORD,-0.096849826,-0.009419222,,0,0,0,0,0,0,-1,0,0,0,0,1,0,0,0,0,0,0,0,0
18,QUEEN'S CRESCENT,KENTISH TOWN,0.089612159,,0,0,0,0,0,0,0,-1,0,0,0,0,1,0,0,0,0,0,0,0,0
29,DALBY STREET,KENTISH TOWN,0.014184635,0.057158414,0,0,0,0,0,0,0,-1,0,0,0,0,1,0,0,0,0,0,0,0,0
58,RAYDON STREET,HIGHGATE,-0.11506933,,0,0,0,0,0,0,0,-1,0,0,0,0,1,0,0,0,0,0,0,0,0
9,KNEBWORTH ROAD,STOKE NEWINGTON,-0.151549898,0.060624622,0,0,0,0,0,0,0,-1,0,0,0,0,1,0,0,0,0,0,0,0,0
69,ELM GROVE,PECKHAM,-0.287682072,0.262364265,0,0,0,0,0,0,0,-1,0,0,0,0,0,1,0,0,0,0,0,0,0
159,FORT ROAD,BERMONDSEY,-0.247241103,,,0,0,0,0,0,0,-1,0,0,0,0,0,0,1,0,0,0,0,0,0
19,HASSARD STREET,HACKNEY,-0.141078598,,,0,0,0,0,0,0,-1,0,0,0,0,0,0,1,0,0,0,0,0,0
25,HIGHBURY GROVE,HIGHBURY,-1.325669739,,,0,0,0,0,0,0,-1,0,0,0,0,0,0,1,0,0,0,0,0,0
39,ROWENA CRESCENT,BATTERSEA,-0.044451763,,0,0,0,0,0,0,0,-1,0,0,0,0,0,0,1,0,0,0,0,0,0
5,ADOLPHUS ROAD,FINSBURY PARK,-0.236113902,-0.677879708,0,0,0,0,0,0,0,-1,0,0,0,0,0,0,1,0,0,0,0,0,0
514,KING'S ROAD,CHELSEA,-0.191055237,,0,0,0,0,0,0,0,-1,0,0,0,0,0,0,0,1,0,0,0,0,0
7,CROFT STREET,ROTHERHITHE,-0.223143551,,0,0,0,0,0,0,0,-1,0,0,0,0,0,0,0,1,0,0,0,0,0
80,MALMESBURY ROAD,BOW,-0.693147181,,0,0,0,0,0,0,0,-1,0,0,0,0,0,0,0,1,0,0,0,0,0
9,MILNER STREET,CHELSEA,0.123379021,0.09531018,0,0,0,0,0,0,0,-1,0,0,0,0,0,0,0,1,0,0,0,0,0
14,DENMARK AVENUE,WIMBLEDON,-0.817199829,,0.048790164,0,0,0,0,0,0,-1,0,0,0,0,0,0,0,0,1,0,0,0,0
142,BURNT ASH HILL,LEE,-0.241162057,,0,0,0,0,0,0,0,-1,0,0,0,0,0,0,0,0,1,0,0,0,0
7,CHEAPSIDE,CITY,-0.028170877,,,0,0,0,0,0,0,-1,0,0,0,0,0,0,0,0,1,0,0,0,0
7,CHEAPSIDE,CITY,-3.614771482,,,0,0,0,0,0,0,-1,0,0,0,0,0,0,0,0,1,0,0,0,0
2,BOW ROAD,BOW,-0.693147181,-0.405465108,,0,0,0,0,0,0,-1,0,0,0,0,0,0,0,0,0,1,0,0,0
21,STRACEY ROAD,FOREST GATE,-1.145132304,-0.223143551,0,0,0,0,0,0,0,-1,0,0,0,0,0,0,0,0,0,1,0,0,0
248,CLAPHAM ROAD,CLAPHAM,-0.575364145,0,0,0,0,0,0,0,0,-1,0,0,0,0,0,0,0,0,0,1,0,0,0
25,SANDMERE ROAD,CLAPHAM,-0.450585543,,0,0,0,0,0,0,0,-1,0,0,0,0,0,0,0,0,0,1,0,0,0
27,DRIFFIELD ROAD,OLD FORD,-0.417299566,,,0,0,0,0,0,0,-1,0,0,0,0,0,0,0,0,0,1,0,0,0
7,BURFIELD STREET,HAMMERSMITH,-0.067441281,0.354171814,0,0,0,0,0,0,0,-1,0,0,0,0,0,0,0,0,0,1,0,0,0
11,GWYNNE ROAD,BATTERSEA,-0.606135804,0.262364265,0,0,0,0,0,0,0,-1,0,0,0,0,0,0,0,0,0,0,1,0,0
178,LEANDER ROAD,BRIXTON,-0.310154928,0.201739643,0,0,0,0,0,0,0,-1,0,0,0,0,0,0,0,0,0,0,1,0,0
6,HIGHWEEK ROAD,TOTTENHAM,-0.125163143,,0,0,0,0,0,0,0,-1,0,0,0,0,0,0,0,0,0,0,1,0,0
37,CLEMENCE STREET,LIMEHOUSE,-0.559615788,-0.223143551,0,0,0,0,0,0,0,-1,0,0,0,0,0,0,0,0,0,0,0,1,0
96,CHURCH ROAD,ISLINGTON,-0.735706795,0,0,0,0,0,0,0,0,-1,0,0,0,0,0,0,0,0,0,0,0,1,0
99,MANOR ROAD,STOKE NEWINGTON,-0.405465108,-0.09531018,0,0,0,0,0,0,0,-1,0,0,0,0,0,0,0,0,0,0,0,1,0
49,CROMWELL AVENUE,HIGHGATE,-0.211309094,-0.068992871,,0,0,0,0,0,0,-1,0,0,0,0,0,0,0,0,0,0,0,0,1
50,ASHBOURNE GROVE,DULWICH,-0.303186259,0,0,0,0,0,0,0,0,-1,0,0,0,0,0,0,0,0,0,0,0,0,1
9,VANBRUGH PARK ROAD,BLACKHEATH,-0.732367894,,0,0,0,0,0,0,0,-1,0,0,0,0,0,0,0,0,0,0,0,0,1
122,WHYTEVILLE ROAD,FOREST GATE,-0.066691374,-0.037740328,,0,0,0,0,0,0,0,-1,1,0,0,0,0,0,0,0,0,0,0,0
13,PRAH ROAD,FINSBURY PARK,-0.055907632,0,0,0,0,0,0,0,0,0,-1,1,0,0,0,0,0,0,0,0,0,0,0
20,GROVE END ROAD,ST. JOHN'S WOOD,-0.009132484,0,0,0,0,0,0,0,0,0,-1,1,0,0,0,0,0,0,0,0,0,0,0
37,NORTHAMPTON STREET,ISLINGTON,0,0,0,0,0,0,0,0,0,0,-1,1,0,0,0,0,0,0,0,0,0,0,0
5,WALDEGRAVE ROAD,HORNSEY,-0.036367644,0,0,0,0,0,0,0,0,0,-1,1,0,0,0,0,0,0,0,0,0,0,0
7,ALFRED STREET,ISLINGTON,-0.15415068,0,0,0,0,0,0,0,0,0,-1,1,0,0,0,0,0,0,0,0,0,0,0
127,GLOUCESTER ROAD,PECKHAM,0.076961041,-0.025317808,0,0,0,0,0,0,0,0,-1,0,1,0,0,0,0,0,0,0,0,0,0
15,EVERILDA STREET,BARNSBURY,-0.089231134,0.051293294,0,0,0,0,0,0,0,0,-1,0,1,0,0,0,0,0,0,0,0,0,0
33,MORETON TERRACE,PIMLICO,0,0.586603933,0,0,0,0,0,0,0,0,-1,0,1,0,0,0,0,0,0,0,0,0,0
37,ROYAL ROAD,KENNINGTON,-0.149531734,0,0,0,0,0,0,0,0,0,-1,0,1,0,0,0,0,0,0,0,0,0,0
57,GRAFTON ROAD,KENTISH TOWN,-0.088728116,0,,0,0,0,0,0,0,0,-1,0,1,0,0,0,0,0,0,0,0,0,0
13,CHICHESTER STREET,PADDINGTON,0.068992872,0,0,0,0,0,0,0,0,0,-1,0,0,1,0,0,0,0,0,0,0,0,0
249,WHITECHAPEL ROAD,WHITECHAPEL,1.244794799,,,0,0,0,0,0,0,0,-1,0,0,1,0,0,0,0,0,0,0,0,0
37,HOWARD ROAD,NORWOOD,0.087011377,,,0,0,0,0,0,0,0,-1,0,0,1,0,0,0,0,0,0,0,0,0
394,WANDSWORTH ROAD,WANDSWORTH ROAD,-0.016000341,0.167054085,0,0,0,0,0,0,0,0,-1,0,0,1,0,0,0,0,0,0,0,0,0
7,JOHNSON'S PLACE,PIMLICO,0.055059777,0,0,0,0,0,0,0,0,0,-1,0,0,1,0,0,0,0,0,0,0,0,0
1,BLYTHE HILL,CATFORD,-0.716677678,,0,0,0,0,0,0,0,0,-1,0,0,0,1,0,0,0,0,0,0,0,0
36,LEIGHAM VALE,STREATHAM,0.15415068,0.054067221,0,0,0,0,0,0,0,0,-1,0,0,0,1,0,0,0,0,0,0,0,0
1,CARLTON ROAD,STROUD GREEN,-0.117783036,-0.064538521,0,0,0,0,0,0,0,0,-1,0,0,0,0,1,0,0,0,0,0,0,0
12,AMPTHILL SQUARE,HAMPSTEAD ROAD,-0.196114879,,0,0,0,0,0,0,0,0,-1,0,0,0,0,1,0,0,0,0,0,0,0
13,PRAH ROAD,FINSBURY PARK,-0.055907632,0,0,0,0,0,0,0,0,0,-1,0,0,0,0,1,0,0,0,0,0,0,0
25,TRURO ROAD,WOOD GREEN,-0.0719735,0.039220713,,0,0,0,0,0,0,0,-1,0,0,0,0,1,0,0,0,0,0,0,0
272,HIGH STREET,POPLAR,-0.300104592,0.080042708,,0,0,0,0,0,0,0,-1,0,0,0,0,1,0,0,0,0,0,0,0
51,OAKHURST GROVE,DULWICH,0.013793322,-0.048790164,0,0,0,0,0,0,0,0,-1,0,0,0,0,1,0,0,0,0,0,0,0
61,ADELAIDE ROAD,BROCKLEY,-0.287682072,0,0,0,0,0,0,0,0,0,-1,0,0,0,0,1,0,0,0,0,0,0,0
46,ALFRED STREET,BOW,-0.542324291,-0.111225635,0,0,0,0,0,0,0,0,-1,0,0,0,0,0,1,0,0,0,0,0,0
109,LOUGHBOROUGH PARK,BRIXTON,-1.192138347,,-0.456180201,0,0,0,0,0,0,0,-1,0,0,0,0,0,0,1,0,0,0,0,0
17,LYNTON ROAD,BERMONDSEY,-0.624154309,-0.117783036,0,0,0,0,0,0,0,0,-1,0,0,0,0,0,0,1,0,0,0,0,0
33,ST. MARYCHURCH STREET,ROTHERHITHE,0.068992872,0.223143551,,0,0,0,0,0,0,0,-1,0,0,0,0,0,0,1,0,0,0,0,0
35,HADLEY STREET,KENTISH TOWN,-0.018349139,0.619039208,0,0,0,0,0,0,0,0,-1,0,0,0,0,0,0,1,0,0,0,0,0
468,MILE END ROAD,MILE END,-0.482851772,0,,0,0,0,0,0,0,0,-1,0,0,0,0,0,0,1,0,0,0,0,0
482,SEVEN SISTERS ROAD,FINSBURY PARK,-0.510825624,,0,0,0,0,0,0,0,0,-1,0,0,0,0,0,0,0,1,0,0,0,0
65,EAST DULWICH GROVE,DULWICH,-0.278713402,0.338350171,0,0,0,0,0,0,0,0,-1,0,0,0,0,0,0,0,1,0,0,0,0
71,MANN STREET,WALWORTH,-0.381934611,,0,0,0,0,0,0,0,0,-1,0,0,0,0,0,0,0,1,0,0,0,0
91,OXFORD GARDENS,NOTTING HILL,-0.606969484,-0.060624622,0,0,0,0,0,0,0,0,-1,0,0,0,0,0,0,0,1,0,0,0,0
155,GRAHAM ROAD,HACKNEY,-0.318453731,,0,0,0,0,0,0,0,0,-1,0,0,0,0,0,0,0,0,1,0,0,0
32,TILSON ROAD,PECKHAM,-1.021651248,,,0,0,0,0,0,0,0,-1,0,0,0,0,0,0,0,0,1,0,0,0
88,BEAUFORT STREET,CHELSEA,-0.513021014,-0.143100844,0,0,0,0,0,0,0,0,-1,0,0,0,0,0,0,0,0,1,0,0,0
228,FORT ROAD,BERMONDSEY,-0.916290732,0.074107972,0,0,0,0,0,0,0,0,-1,0,0,0,0,0,0,0,0,0,1,0,0
36b,EDEN GROVE,HOLLOWAY,-0.976273436,0.53680111,,0,0,0,0,0,0,0,-1,0,0,0,0,0,0,0,0,0,0,1,0
54,SHELGATE ROAD,BATTERSEA,-0.606135804,-0.09531018,,0,0,0,0,0,0,0,-1,0,0,0,0,0,0,0,0,0,0,0,1
7,ALFRED STREET,ISLINGTON,-1.252762968,-0.117783036,0,0,0,0,0,0,0,0,-1,0,0,0,0,0,0,0,0,0,0,0,1
1,NELSON SQUARE,PECKHAM,-0.510825624,-0.080042708,0,0,0,0,0,0,0,0,0,-1,1,0,0,0,0,0,0,0,0,0,0
236,HIGH STREET,STOKE NEWINGTON,-0.051293294,0,0,0,0,0,0,0,0,0,0,-1,1,0,0,0,0,0,0,0,0,0,0
4,LONG LANE,FINCHLEY,-0.57113223,0,,0,0,0,0,0,0,0,0,-1,1,0,0,0,0,0,0,0,0,0,0
31,QUEEN'S ROAD,ST. JOHN'S WOOD,-0.033901552,0,0,0,0,0,0,0,0,0,0,-1,0,1,0,0,0,0,0,0,0,0,0
35,BELVEDERE ROAD,NORWOOD,-0.356674944,0,0,0,0,0,0,0,0,0,0,-1,0,1,0,0,0,0,0,0,0,0,0
38,BATH STREET,POPLAR,-0.036813973,0,,0,0,0,0,0,0,0,0,-1,0,1,0,0,0,0,0,0,0,0,0
49,CADOGAN STREET,CHELSEA,0.111225635,0,0,0,0,0,0,0,0,0,0,-1,0,1,0,0,0,0,0,0,0,0,0
7,CARLTON ROAD,BOWES PARK,0.117783036,0.262364265,0,0,0,0,0,0,0,0,0,-1,0,1,0,0,0,0,0,0,0,0,0
10,CESTER STREET,HAGGERSTON,-0.163273362,-0.15415068,,0,0,0,0,0,0,0,0,-1,0,0,1,0,0,0,0,0,0,0,0
11,CORNWALL ROAD,WESTBOURNE PARK,-0.251314428,0.133531393,0,0,0,0,0,0,0,0,0,-1,0,0,1,0,0,0,0,0,0,0,0
19,ENNIS ROAD,FINSBURY PARK,-0.09531018,-0.068992871,0,0,0,0,0,0,0,0,0,-1,0,0,1,0,0,0,0,0,0,0,0
13,PRAH ROAD,FINSBURY PARK,0,0,0,0,0,0,0,0,0,0,0,-1,0,0,0,1,0,0,0,0,0,0,0
17,CANDLER STREET,STAMFORD HILL,0,,0,0,0,0,0,0,0,0,0,-1,0,0,0,1,0,0,0,0,0,0,0
83,COMMERCIAL ROAD,PECKHAM,-0.287682072,0.036367644,0,0,0,0,0,0,0,0,0,-1,0,0,0,1,0,0,0,0,0,0,0
10,UPPER WOBURN PLACE,BLOOMSBURY,-0.41925843,0,0,0,0,0,0,0,0,0,0,-1,0,0,0,0,1,0,0,0,0,0,0
101,DRAYTON ROAD,HARLESDEN,-0.202940844,0,0,0,0,0,0,0,0,0,0,-1,0,0,0,0,1,0,0,0,0,0,0
21,ALEXIS STREET,BERMONDSEY,-0.381367557,0.262364265,0,0,0,0,0,0,0,0,0,-1,0,0,0,0,1,0,0,0,0,0,0
27,WHITECHAPEL ROAD,WHITECHAPEL,-0.397496938,-0.430782916,,0,0,0,0,0,0,0,0,-1,0,0,0,0,1,0,0,0,0,0,0
36,CAMBRIDGE STREET,PIMLICO,-0.021978907,-0.430782916,0,0,0,0,0,0,0,0,0,-1,0,0,0,0,1,0,0,0,0,0,0
53,BINFIELD ROAD,CLAPHAM,0.0104713,0,0,0,0,0,0,0,0,0,0,-1,0,0,0,0,1,0,0,0,0,0,0
55,ST. JOHN'S WOOD TERRACE,ST. JOHN'S WOOD,-0.381367557,-0.09531018,0,0,0,0,0,0,0,0,0,-1,0,0,0,0,1,0,0,0,0,0,0
2,MATILDA STREET,BARNSBURY,-0.615185639,0,0,0,0,0,0,0,0,0,0,-1,0,0,0,0,0,1,0,0,0,0,0
28,HIGHWEEK ROAD,TOTTENHAM,-0.051293294,0,0.575364145,0,0,0,0,0,0,0,0,-1,0,0,0,0,0,1,0,0,0,0,0
43,BUCKLEY ROAD,BRONDESBURY,-0.287682072,0,0,0,0,0,0,0,0,0,0,-1,0,0,0,0,0,1,0,0,0,0,0
43,RIVERSDALE ROAD,HIGHBURY,-0.170957798,0.395312737,0,0,0,0,0,0,0,0,0,-1,0,0,0,0,0,1,0,0,0,0,0
102,HIGHBURY NEW PARK,HIGHBURY,-0.457424847,,0,0,0,0,0,0,0,0,0,-1,0,0,0,0,0,0,1,0,0,0,0
104,RUTLAND GARDENS,HARRINGAY,-0.485507816,0.232511301,0,0,0,0,0,0,0,0,0,-1,0,0,0,0,0,0,0,1,0,0,0
15,GREAT BATH STREET,CLERKENWELL,-0.417735201,0.025667747,,0,0,0,0,0,0,0,0,-1,0,0,0,0,0,0,0,1,0,0,0
46,WHISTON STREET,HAGGERSTON,-0.431782416,-0.109030245,,0,0,0,0,0,0,0,0,-1,0,0,0,0,0,0,0,1,0,0,0
520,WEST GREEN ROAD,TOTTENHAM,-0.459532329,,0,0,0,0,0,0,0,0,0,-1,0,0,0,0,0,0,0,0,1,0,0
8,HAMILTON TERRACE,ST. JOHN'S WOOD,-0.199128675,,0,0,0,0,0,0,0,0,0,-1,0,0,0,0,0,0,0,0,1,0,0
1,HORN LANE,GREENWICH,-0.550046337,-0.15415068,0,0,0,0,0,0,0,0,0,-1,0,0,0,0,0,0,0,0,0,1,0
59,HEREFORD ROAD,BAYSWATER,0.011834458,-0.200670695,0,0,0,0,0,0,0,0,0,-1,0,0,0,0,0,0,0,0,0,1,0
7,ALFRED STREET,ISLINGTON,-1.098612289,-0.117783036,0,0,0,0,0,0,0,0,0,-1,0,0,0,0,0,0,0,0,0,0,1
75,BARKING ROAD,EAST HAM,-0.287682072,0.09531018,,0,0,0,0,0,0,0,0,-1,0,0,0,0,0,0,0,0,0,0,1
106,CROUCH HILL,CROUCH END,0.105360516,-0.074107972,,0,0,0,0,0,0,0,0,0,-1,1,0,0,0,0,0,0,0,0,0
123,HIGHBURY NEW PARK,HIGHBURY,0.075985907,,0,0,0,0,0,0,0,0,0,0,-1,1,0,0,0,0,0,0,0,0,0
140,STROUD GREEN ROAD,FINSBURY PARK,0.084260344,,0,0,0,0,0,0,0,0,0,0,-1,1,0,0,0,0,0,0,0,0,0
15,HARPUR STREET,HOLBORN,-0.356674944,0,0,0,0,0,0,0,0,0,0,0,-1,1,0,0,0,0,0,0,0,0,0
15,POYNINGS ROAD,HOLLOWAY,-0.081345639,,0,0,0,0,0,0,0,0,0,0,-1,1,0,0,0,0,0,0,0,0,0
42,MILDMAY GROVE,STOKE NEWINGTON,0.371563556,,0,0,0,0,0,0,0,0,0,0,-1,1,0,0,0,0,0,0,0,0,0
7,MILTON ROAD,STOKE NEWINGTON,-0.255933374,,0,0,0,0,0,0,0,0,0,0,-1,1,0,0,0,0,0,0,0,0,0
123,MAIDA VALE,MAIDA VALE,-0.090971778,0,0,0,0,0,0,0,0,0,0,0,-1,0,1,0,0,0,0,0,0,0,0
134,ROSEBERY AVENUE,MANOR PARK,-0.439951284,0.048790164,,0,0,0,0,0,0,0,0,0,-1,0,1,0,0,0,0,0,0,0,0
17,KENT TERRACE,REGENT'S PARK,0.470003629,,0,0,0,0,0,0,0,0,0,0,-1,0,1,0,0,0,0,0,0,0,0
21,GRANT ROAD,BATTERSEA,-0.30538165,-0.074107972,0,0,0,0,0,0,0,0,0,0,-1,0,1,0,0,0,0,0,0,0,0
288,DEVON'S ROAD,BROMLEY-BY-BOW,0.038466281,0.317934116,,0,0,0,0,0,0,0,0,0,-1,0,1,0,0,0,0,0,0,0,0
29,RED LION STREET,CLERKENWELL,-0.012578782,0.301584978,,0,0,0,0,0,0,0,0,0,-1,0,1,0,0,0,0,0,0,0,0
4,BEACON HILL,HOLLOWAY,0.012739026,,-0.287682072,0,0,0,0,0,0,0,0,0,-1,0,1,0,0,0,0,0,0,0,0
55,WESTMACOTT STREET,CAMBERWELL,-0.075035186,0,,0,0,0,0,0,0,0,0,0,-1,0,1,0,0,0,0,0,0,0,0
11,WINCHESTER STREET,BETHNAL GREEN,-0.205852054,,,0,0,0,0,0,0,0,0,0,-1,0,0,1,0,0,0,0,0,0,0
120,ST. JOHN'S ROAD,HOXTON,1.683545885,,1.838279485,0,0,0,0,0,0,0,0,0,-1,0,0,1,0,0,0,0,0,0,0
150,WYNDHAM ROAD,CAMBERWELL,-0.238891908,0,,0,0,0,0,0,0,0,0,0,-1,0,0,1,0,0,0,0,0,0,0
5,LIMEHOUSE CAUSEWAY,LIMEHOUSE,-0.21588838,,,0,0,0,0,0,0,0,0,0,-1,0,0,1,0,0,0,0,0,0,0
169,ST. ANN'S ROAD,STAMFORD HILL,-0.070617567,0,0,0,0,0,0,0,0,0,0,0,-1,0,0,0,1,0,0,0,0,0,0
24,SAVONA STREET,BATTERSEA,-0.510825624,-0.09531018,,0,0,0,0,0,0,0,0,0,-1,0,0,0,1,0,0,0,0,0,0
34,PREBEND STREET,CAMDEN TOWN,-0.920725329,0,0,0,0,0,0,0,0,0,0,0,-1,0,0,0,1,0,0,0,0,0,0
55,WESTMACOTT STREET,CAMBERWELL,-0.199332903,0.133531393,,0,0,0,0,0,0,0,0,0,-1,0,0,0,1,0,0,0,0,0,0
603,HIGH ROAD,TOTTENHAM,-0.072570693,0.144581229,0,0,0,0,0,0,0,0,0,0,-1,0,0,0,1,0,0,0,0,0,0
9,TRAFALGAR ROAD,HAGGERSTON,-0.117783036,0.041318149,0,0,0,0,0,0,0,0,0,0,-1,0,0,0,1,0,0,0,0,0,0
29,OXFORD ROAD,ISLINGTON,-0.318453731,0,0,0,0,0,0,0,0,0,0,0,-1,0,0,0,0,1,0,0,0,0,0
33,HOME ROAD,BATTERSEA,-0.462623522,-0.485507816,0,0,0,0,0,0,0,0,0,0,-1,0,0,0,0,1,0,0,0,0,0
14,IPPLEPEN ROAD,TOTTENHAM,0.048790164,,-0.048790164,0,0,0,0,0,0,0,0,0,-1,0,0,0,0,0,0,1,0,0,0
6,LANT STREET,SOUTHWARK,-0.703097511,0.039220713,,0,0,0,0,0,0,0,0,0,-1,0,0,0,0,0,0,1,0,0,0
12,HIGHBURY TERRACE,HIGHBURY,-0.318453731,,,0,0,0,0,0,0,0,0,0,-1,0,0,0,0,0,0,0,1,0,0
26,CORNFORD GROVE,BALHAM,-0.426518517,0,0,0,0,0,0,0,0,0,0,0,-1,0,0,0,0,0,0,0,0,1,0
37,FLORENCE ROAD,NEW CROSS,-0.575364145,0.262364265,0,0,0,0,0,0,0,0,0,0,-1,0,0,0,0,0,0,0,0,1,0
372,NEW CROSS ROAD,NEW CROSS,-1.349926717,-0.133531393,0,0,0,0,0,0,0,0,0,0,-1,0,0,0,0,0,0,0,0,1,0
142,ALLISON ROAD,HARRINGAY,-0.3254224,0.209720531,0,0,0,0,0,0,0,0,0,0,-1,0,0,0,0,0,0,0,0,0,1
41,CAMBRIDGE STREET,CAMBERWELL,-0.510825624,0.042559614,0,0,0,0,0,0,0,0,0,0,-1,0,0,0,0,0,0,0,0,0,1
55,WESTMACOTT STREET,CAMBERWELL,-0.52702031,-0.074107972,,0,0,0,0,0,0,0,0,0,-1,0,0,0,0,0,0,0,0,0,1
97,NORTHUMBERLAND PARK,TOTTENHAM,-0.194156014,0,,0,0,0,0,0,0,0,0,0,-1,0,0,0,0,0,0,0,0,0,1
10,DEVONSHIRE STREET,MARYLEBONE,-0.209720531,0,,0,0,0,0,0,0,0,0,0,0,-1,1,0,0,0,0,0,0,0,0
126,GROVE ROAD,VICTORIA PARK,-0.016000341,0,0,0,0,0,0,0,0,0,0,0,0,-1,1,0,0,0,0,0,0,0,0
159,BROCKLEY ROAD,BROCKLEY,0,-0.405465108,-0.436555695,0,0,0,0,0,0,0,0,0,0,-1,1,0,0,0,0,0,0,0,0
33,CHESTER TERRACE,REGENT'S PARK,-0.256719847,0.113328685,0,0,0,0,0,0,0,0,0,0,0,-1,1,0,0,0,0,0,0,0,0
10,POLYGON MEWS SOUTH,HYDE PARK,-0.559615788,0,0,0,0,0,0,0,0,0,0,0,0,-1,0,1,0,0,0,0,0,0,0
111,THURLOW PARK ROAD,DULWICH,0.09823844,-0.040821995,0,0,0,0,0,0,0,0,0,0,0,-1,0,1,0,0,0,0,0,0,0
72,BELLENDEN ROAD,PECKHAM,0.089612159,0,-0.117783036,0,0,0,0,0,0,0,0,0,0,-1,0,1,0,0,0,0,0,0,0
71,ALLISON ROAD,HARRINGAY,-0.318453731,0,0,0,0,0,0,0,0,0,0,0,0,-1,0,0,1,0,0,0,0,0,0
71,AMHURST ROAD,HACKNEY,-0.451985124,0,0,0,0,0,0,0,0,0,0,0,0,-1,0,0,1,0,0,0,0,0,0
11,AUGUSTUS ROAD,SHEPHERD'S BUSH,-0.30538165,0,2.995732274,0,0,0,0,0,0,0,0,0,0,-1,0,0,0,1,0,0,0,0,0
110,CARLETON ROAD,HOLLOWAY,-0.329479201,0,0,0,0,0,0,0,0,0,0,0,0,-1,0,0,0,1,0,0,0,0,0
37,DUNSMURE ROAD,STAMFORD HILL,-0.182321557,-0.200670695,0,0,0,0,0,0,0,0,0,0,0,-1,0,0,0,1,0,0,0,0,0
80,MALMESBURY ROAD,BOW,-0.541597282,-0.03509132,0,0,0,0,0,0,0,0,0,0,0,-1,0,0,0,1,0,0,0,0,0
111,LIVERPOOL ROAD,ISLINGTON,-2.540996116,,,0,0,0,0,0,0,0,0,0,0,-1,0,0,0,0,1,0,0,0,0
28,MAYFIELD ROAD,DALSTON,-0.510825624,0,0,0,0,0,0,0,0,0,0,0,0,-1,0,0,0,0,1,0,0,0,0
51,WILTSHIRE ROAD,BRIXTON,-0.682097344,,0,0,0,0,0,0,0,0,0,0,0,-1,0,0,0,0,1,0,0,0,0
62,CAMDEN ROAD,CAMDEN TOWN,-0.083381609,,,0,0,0,0,0,0,0,0,0,0,-1,0,0,0,0,0,1,0,0,0
42,GLOUCESTER STREET,PIMLICO,-0.955511445,-0.207639365,0,0,0,0,0,0,0,0,0,0,0,-1,0,0,0,0,0,0,0,0,1
10,LANSDOWNE ROAD,LEYTONSTONE,-0.089612159,0.074107972,0,0,0,0,0,0,0,0,0,0,0,0,-1,1,0,0,0,0,0,0,0
56,HIGH STREET,ISLINGTON,-0.056089467,0,,0,0,0,0,0,0,0,0,0,0,0,-1,1,0,0,0,0,0,0,0
55,WESTMACOTT STREET,CAMBERWELL,-0.124297717,0.133531393,,0,0,0,0,0,0,0,0,0,0,0,-1,0,1,0,0,0,0,0,0
8,HIGHBURY HILL,HIGHBURY,-0.289952221,-0.200670695,,0,0,0,0,0,0,0,0,0,0,0,-1,0,1,0,0,0,0,0,0
11,ST. MARY'S ROAD,PECKHAM,0,,0,0,0,0,0,0,0,0,0,0,0,0,-1,0,0,1,0,0,0,0,0
128,HEMINGFORD ROAD,BARNSBURY,0.024692613,0,0,0,0,0,0,0,0,0,0,0,0,0,-1,0,0,1,0,0,0,0,0
19,RECULVER ROAD,DEPTFORD,-0.836248024,-0.105360516,0,0,0,0,0,0,0,0,0,0,0,0,-1,0,0,0,1,0,0,0,0
31,WRAY CRESCENT,HOLLOWAY,-0.032789823,,0.048790164,0,0,0,0,0,0,0,0,0,0,0,-1,0,0,0,0,0,1,0,0
34,BEATRICE ROAD,BERMONDSEY,-0.30830136,0.03509132,0,0,0,0,0,0,0,0,0,0,0,0,-1,0,0,0,0,0,1,0,0
11,ST. MARY'S ROAD,PECKHAM,-0.916290732,-0.117783036,0,0,0,0,0,0,0,0,0,0,0,0,-1,0,0,0,0,0,0,1,0
51,BEECHDALE ROAD,BRIXTON,0.620826519,0.048790164,0,0,0,0,0,0,0,0,0,0,0,0,-1,0,0,0,0,0,0,1,0
264,SOUTHAMPTON STREET,CAMBERWELL,-1.114360646,0,,0,0,0,0,0,0,0,0,0,0,0,-1,0,0,0,0,0,0,0,1
55,WESTMACOTT STREET,CAMBERWELL,-0.451985124,-0.074107972,,0,0,0,0,0,0,0,0,0,0,0,-1,0,0,0,0,0,0,0,1
18,MANSION STREET,CAMBERWELL,0.255933374,0,0,0,0,0,0,0,0,0,0,0,0,0,0,-1,1,0,0,0,0,0,0
46,MOSTYN ROAD,BRIXTON,0.080042708,0,0,0,0,0,0,0,0,0,0,0,0,0,0,-1,1,0,0,0,0,0,0
12,ANN STREET,ISLINGTON,-0.342944751,0,0,0,0,0,0,0,0,0,0,0,0,0,0,-1,0,1,0,0,0,0,0
141,CALEDONIAN ROAD,CALEDONIAN ROAD,0.223143551,0.262364265,2.525728644,0,0,0,0,0,0,0,0,0,0,0,0,-1,0,1,0,0,0,0,0
156,CLIFTON ROAD,NORWOOD,0.117783036,0.579818495,,0,0,0,0,0,0,0,0,0,0,0,0,-1,0,1,0,0,0,0,0
203,PORTOBELLO ROAD,NOTTING HILL,-0.287682072,0.080042708,0,0,0,0,0,0,0,0,0,0,0,0,0,-1,0,1,0,0,0,0,0
232,HIGH ROAD,LEE,0.122289578,0,0,0,0,0,0,0,0,0,0,0,0,0,0,-1,0,1,0,0,0,0,0
56,ADELAIDE ROAD,HAMPSTEAD,-0.247836164,0,0.064538521,0,0,0,0,0,0,0,0,0,0,0,0,-1,0,1,0,0,0,0,0
141,CALEDONIAN ROAD,CALEDONIAN ROAD,-0.693147181,-0.167054085,,0,0,0,0,0,0,0,0,0,0,0,0,-1,0,0,1,0,0,0,0
23,BRISTOL ROAD,EAST HAM,-0.300104592,-0.051293294,0,0,0,0,0,0,0,0,0,0,0,0,0,-1,0,0,1,0,0,0,0
25,TONSLEY ROAD,WANDSWORTH,0,0.080042708,0,0,0,0,0,0,0,0,0,0,0,0,0,-1,0,0,1,0,0,0,0
30,CLOUDESLEY STREET,ISLINGTON,-0.587786665,-0.101096117,0,0,0,0,0,0,0,0,0,0,0,0,0,-1,0,0,1,0,0,0,0
316,COMMERCIAL ROAD,PECKHAM,-0.083381609,-0.060624622,0,0,0,0,0,0,0,0,0,0,0,0,0,-1,0,0,1,0,0,0,0
51,LUCEY ROAD,BERMONDSEY,-0.331357136,-0.064538521,0,0,0,0,0,0,0,0,0,0,0,0,0,-1,0,0,1,0,0,0,0
3,COLNBROOK STREET,SOUTHWARK,-0.530628251,-0.064538521,0,0,0,0,0,0,0,0,0,0,0,0,0,-1,0,0,0,1,0,0,0
76,REIGHTON ROAD,CLAPTON,-0.38865799,,0,0,0,0,0,0,0,0,0,0,0,0,0,-1,0,0,0,1,0,0,0
99,TULSE HILL,BRIXTON,0.09531018,,,0,0,0,0,0,0,0,0,0,0,0,0,-1,0,0,0,1,0,0,0
140,OSBALDESTON ROAD,STOKE NEWINGTON,-0.233093882,-0.09531018,0,0,0,0,0,0,0,0,0,0,0,0,0,-1,0,0,0,0,1,0,0
15,THE GRANGE,BERMONDSEY,-0.773189888,0.3801473,0,0,0,0,0,0,0,0,0,0,0,0,0,-1,0,0,0,0,1,0,0
281,CAMBERWELL ROAD,CAMBERWELL,-0.587786665,0,,0,0,0,0,0,0,0,0,0,0,0,0,-1,0,0,0,0,1,0,0
51,BURTON ROAD,BRIXTON,-0.303682414,0.125163143,0,0,0,0,0,0,0,0,0,0,0,0,0,-1,0,0,0,0,1,0,0
54,ST. JOHN'S ROAD,HOLLOWAY,-0.115512887,-0.108213585,0,0,0,0,0,0,0,0,0,0,0,0,0,-1,0,0,0,0,1,0,0
113,HIGHBURY QUADRANT,HIGHBURY,-0.207639365,,0,0,0,0,0,0,0,0,0,0,0,0,0,-1,0,0,0,0,0,1,0
12,NEVILLE TERRACE,SOUTH KENSINGTON,0.141775462,,0,0,0,0,0,0,0,0,0,0,0,0,0,-1,0,0,0,0,0,1,0
15,ALMA ROAD,CANONBURY,-0.310154928,,0,0,0,0,0,0,0,0,0,0,0,0,0,-1,0,0,0,0,0,1,0
37,CONNAUGHT ROAD,STROUD GREEN,0,-0.044451763,0,0,0,0,0,0,0,0,0,0,0,0,0,-1,0,0,0,0,0,1,0
41,TWYFORD STREET,CALEDONIAN ROAD,-0.565313809,0.319522678,0,0,0,0,0,0,0,0,0,0,0,0,0,-1,0,0,0,0,0,1,0
43,HANOVER STREET,ISLINGTON,-0.693147181,0,0,0,0,0,0,0,0,0,0,0,0,0,0,-1,0,0,0,0,0,0,1
43,HANOVER STREET,ISLINGTON,-0.735706795,0,0,0,0,0,0,0,0,0,0,0,0,0,0,-1,0,0,0,0,0,0,1
110,WESTMACOTT STREET,CAMBERWELL,-0.117783036,0.003502631,,0,0,0,0,0,0,0,0,0,0,0,0,0,-1,0,1,0,0,0,0
13,STRODE ROAD,WILLESDEN,0.15415068,0,0,0,0,0,0,0,0,0,0,0,0,0,0,0,-1,0,1,0,0,0,0
44,LINTON STREET,ISLINGTON,-0.336472237,0,0,0,0,0,0,0,0,0,0,0,0,0,0,0,-1,0,1,0,0,0,0
45,ADOLPHUS ROAD,FINSBURY PARK,-0.287682072,,0,0,0,0,0,0,0,0,0,0,0,0,0,0,-1,0,0,0,1,0,0
131,HARRINGAY ROAD,HARRINGAY,-0.089612159,0.064538521,,0,0,0,0,0,0,0,0,0,0,0,0,0,-1,0,0,0,0,1,0
4,MILNER STREET,ISLINGTON,1.037987667,0,,0,0,0,0,0,0,0,0,0,0,0,0,0,-1,0,0,0,0,1,0
72,CHEAPSIDE,CITY,,0,,0,0,0,0,0,0,0,0,0,0,0,0,0,-1,0,0,0,0,1,0
55,WESTMACOTT STREET,CAMBERWELL,-0.327687407,-0.207639365,,0,0,0,0,0,0,0,0,0,0,0,0,0,-1,0,0,0,0,0,1
141,CALEDONIAN ROAD,CALEDONIAN ROAD,-0.916290732,-0.429418349,,0,0,0,0,0,0,0,0,0,0,0,0,0,0,-1,1,0,0,0,0
15,ELMSTONE ROAD,FULHAM,0,0,0,0,0,0,0,0,0,0,0,0,0,0,0,0,0,-1,1,0,0,0,0
16,DOWNSELL ROAD,LEYTON,0.2135741,0,0,0,0,0,0,0,0,0,0,0,0,0,0,0,0,-1,1,0,0,0,0
193,ESSEX ROAD,ISLINGTON,0.262364265,0,0,0,0,0,0,0,0,0,0,0,0,0,0,0,0,-1,1,0,0,0,0
25,PREBEND STREET,ISLINGTON,0.374693449,0,0,0,0,0,0,0,0,0,0,0,0,0,0,0,0,-1,1,0,0,0,0
3,PORT ROYAL PLACE,KINGSLAND,0.510825624,-0.005319161,0,0,0,0,0,0,0,0,0,0,0,0,0,0,0,-1,1,0,0,0,0
8,WORNINGTON ROAD,NOTTING HILL,-0.090971778,0.528992928,0,0,0,0,0,0,0,0,0,0,0,0,0,0,0,-1,0,0,1,0,0
11,DANEVILLE ROAD,CAMBERWELL,-0.559615788,0,,0,0,0,0,0,0,0,0,0,0,0,0,0,0,-1,0,0,0,1,0
11,ST. MARY'S ROAD,PECKHAM,-0.916290732,,0,0,0,0,0,0,0,0,0,0,0,0,0,0,0,-1,0,0,0,1,0
129,STANHOPE STREET,HAMPSTEAD ROAD,-1.203972804,-0.318453731,0,0,0,0,0,0,0,0,0,0,0,0,0,0,0,-1,0,0,0,0,1
10,DALE ROAD,KENTISH TOWN,-0.016807118,,0,0,0,0,0,0,0,0,0,0,0,0,0,0,0,0,-1,1,0,0,0
4,LALOR STREET,FULHAM,-0.258861634,0,0,0,0,0,0,0,0,0,0,0,0,0,0,0,0,0,-1,1,0,0,0
13,ALBERT ROAD,WALTHAMSTOW,0.126751706,,0,0,0,0,0,0,0,0,0,0,0,0,0,0,0,0,-1,0,1,0,0
31a,MEDINA ROAD,HOLLOWAY,0.15415068,0,0,0,0,0,0,0,0,0,0,0,0,0,0,0,0,0,-1,0,1,0,0
42,MORNINGTON ROAD,NEW CROSS,-0.251314428,0,0,0,0,0,0,0,0,0,0,0,0,0,0,0,0,0,-1,0,0,1,0
39,HOWA STREET,HAGGERSTON,-0.826678573,,0,0,0,0,0,0,0,0,0,0,0,0,0,0,0,0,0,-1,1,0,0
141,HERBERT ROAD,MANOR PARK,-0.068992871,0,0,0,0,0,0,0,0,0,0,0,0,0,0,0,0,0,0,-1,0,1,0
31a,NORTHUMBERLAND STREET,POPLAR,0,,0,0,0,0,0,0,0,0,0,0,0,0,0,0,0,0,0,-1,0,1,0
5,KINLOCK STREET,HOLLOWAY,-0.670157662,-0.408804009,0,0,0,0,0,0,0,0,0,0,0,0,0,0,0,0,0,-1,0,0,1
15,STAMFORD ROAD,FULHAM,-0.127833372,0,0,0,0,0,0,0,0,0,0,0,0,0,0,0,0,0,0,0,0,-1,1
84,GRANVILLE PARK,LEWISHAM,-0.061875404,0,,0,0,0,0,0,0,0,0,0,0,0,0,0,0,0,0,0,0,-1,1
85,MARLBOROUGH ROAD,BOWES PARK,0.046520016,0,0,0,0,0,0,0,0,0,0,0,0,0,0,0,0,0,0,0,0,-1,1
